Transition,Order,sigsys,a,b_1,c_1,d_1,b_2,c_2,d_2
4205.650Cr1,15,25.853963581994655,42304.07777969223,-9.749551294480291,-240.15815004638966,-6425.218342747639,0.0008157415744996581,36.96015179717146,772.8479163569259
4205.650Cr1,16,36.24389279193782,21724.015074484363,-6.084417550346291,-288.6510454017009,-1744.6344775855105,0.0004885636734123214,124.63100609034359,244.26093614591693
4210.786Fe1,15,67.80702279443003,-2537.8634369434294,4.985766102420288,-376.0292926367076,-5463.29198245369,-0.0004804616867484887,288.8766695438232,674.6819838236788
4210.786Fe1,16,97.82973938383729,-15014.988418552457,0.3261597309786526,-355.69892767848415,6497.126504745069,-8.685055478641862e-05,501.4282978210097,-697.4177652551112
4214.834Fe1,16,20.245286208729798,-9398.375062343244,3.9648826653810416,-139.3815394316836,-897.1508875203959,-0.00034350016304665783,-172.7728665226154,99.06174212110851
4215.052Zr1,16,160.56654239712273,-26263.878886306797,6.595978484447106,942.6487569927918,5996.224960138882,-0.0007007686442392872,1563.8053161741652,-696.2031432210397
4216.017Fe1,16,122.19554417924401,-2366.605020202368,-3.1015528023874457,571.7919726840339,6839.5925061810985,0.00018750235512173295,1094.0935365411415,-802.3303725704237
4217.791Fe1,16,7.00552488568689,5448.24578039757,-2.325308861449907,-33.482568469599045,144.83513649235954,0.00021117096402485118,-19.732758352506696,-17.205283835012473
4219.893V1,16,6.465112314252398,3600.3474661141477,-0.5742621988791073,-85.50405766097607,-376.5809273392685,4.6873387533394016e-05,-34.55892041633914,51.33934788571482
4223.402Fe1,16,17.985642497018898,-15805.570260126495,5.24683522321493,23.59170483577494,669.00948523364,-0.0004626783995018466,90.86497393686983,-91.81695748034727
4227.146Fe1,16,11.021306352783908,3969.186577981221,-1.0664594113247368,69.33457313045561,-148.76092898071002,6.977501801647495e-05,-122.18014425779228,33.425001514716534
4257.811Cr1,17,10.545502437575825,6188.94941448115,-4.228912800979619,-66.30975701680016,2404.440232034348,0.00036546366283145965,2.883820650780068,-280.665336180562
4257.811Cr1,18,25.186209473971505,5263.297264893417,-1.0666152173151202,-1.2989599362562776,-1437.398762887038,9.340587223365755e-05,-243.0299770513694,166.70236019317045
4264.790La2,17,109.71244191836008,-7074.32940843017,4.539596429026527,-104.0591669946717,-2041.9425782404155,-0.00042211867070298715,178.58633575123014,255.8758326114568
4264.790La2,18,58.2196314436637,-3261.2240049718903,-0.44510277970450574,-155.36748158903677,3028.948929634419,1.5735946520483476e-05,369.77257440094724,-363.5612545315982
4277.630Ti1,18,11.615596360501302,2851.9232718134676,-1.6557346477162909,-155.03560549474483,926.8497397752371,0.00014755569349948297,-8.36407967699476,-111.82336333794308
4280.692Fe1,18,13.609654864768746,1630.098359922329,-0.6870550691317935,184.25637142849817,-145.7639091941948,6.466791293134406e-05,-9.621156646548988,27.64466722384001
4282.569Ti1,18,5.93697836422646,7470.489251332939,-2.7831086077189897,-56.873083993480414,419.8716856371249,0.0002430563352448647,-30.605677357811654,-55.225409468043516
4287.210Ti1,18,55.15723717409112,-15827.092793373655,8.43297396193066,-299.9455310492568,-3886.683323989092,-0.0007040023592526085,-5.027330338754477,441.51942580439464
4295.006Fe1,18,25.18857913907466,14325.117659555634,-5.883067251540695,43.01125725445604,1165.1864802011557,0.0005042593623387402,-49.95119838845198,-111.95252768773199
4295.006Fe1,19,29.269190467704288,15904.987365025709,-7.693249817882755,57.557684627016464,2691.539409422796,0.0006641040906346295,-89.9756565085849,-272.7533327068714
4299.716Ni1,18,44.34696124491011,33622.33277031573,-11.028040734736901,-44.655131580668424,-1230.9792760509451,0.0009699113186317472,-207.10010560898857,159.813071034316
4299.716Ni1,19,46.50974786584038,36735.05370213197,-11.456818828901019,-47.416129316319946,-2121.0744459109164,0.0010113020947953078,-290.6336833085913,261.22509320609134
4309.365Mn2,19,141.86052682467124,-48826.94893618683,-0.6060863542241167,-1173.0973493132367,26234.692888474918,-4.9321872335934205e-05,216.26936007296774,-3157.250912849424
4312.193Gd2,19,54.4016824125642,-10853.740002494365,0.37014455344852343,-341.1383169552325,4826.067595239111,-8.418555158414847e-05,253.8790845733565,-536.9115606668108
4315.295Sc2,19,13.451071675654372,3372.0369862022853,-0.09220116100871838,-18.151170685329156,-1346.9217145355587,2.4518156264899462e-05,-77.22224544669847,126.05559929322746
4315.724Nd2,19,14.732765890814246,2211.4636114802925,1.469025511761799,-89.04400874423597,-3452.816001719136,-0.00011491848878410633,-99.78530697094082,408.5667153538151
4318.008Ti2,19,9.662051626950232,2163.172718066858,-0.3115020993594195,-138.5860084788273,-670.6679585918193,3.227618472901922e-05,-3.317822926370773,75.10532315103804
4322.165Ti2,19,16.82149829597371,-5255.570091882099,1.7710570541415223,-114.1358924345659,168.0438017403623,-0.0001465676041416771,38.36970354747935,-42.853657149188855
4322.165Ti2,20,16.14874458082483,-6199.766652242249,1.994607148105575,-107.02049011578053,197.29167601311752,-0.00016225655741005203,37.06527132826347,-42.05471620859435
4334.960La2,20,49.24894952360185,224.13636633999892,-6.96673236772358,-141.9515913370415,9768.51106324404,0.0005999414943816975,148.32551366643958,-1129.4847745452635
4343.034Fe1,20,91.3905851341322,-4154.475105447767,12.176745098711567,-275.7837836756606,-13383.310488637997,-0.0011137313081039137,1071.2379192386543,1537.5366472282587
4346.111Fe1,20,9.009328691864706,-1727.3263956540886,-1.497937604668598,43.69078806816477,2519.3744247127124,0.00014864754415210758,-24.2738519705694,-312.52288587311733
4351.364Fe1,20,141.0513035465487,6641.196900299244,-13.34286460059355,-784.1686324522819,14383.768116387982,0.0012049482393218897,-127.72434836603671,-1682.9856479809334
4351.364Fe1,21,139.87783743177937,66351.94581390187,-36.13769355296883,-1613.867755044066,18219.094817717138,0.0031845183267439157,635.1362096302139,-2236.1774728434393
4370.628Fe2,21,21.1910685249778,10556.671278511938,-3.0513565811144834,16.30711389809631,-896.5035896571605,0.00026948480872986423,-72.73461249981186,113.95482154097706
4381.963Fe1,21,23.54830511339794,22211.132176625193,-6.867857764850613,252.3741933168782,-1877.0456335330755,0.0006195477829112723,-122.13951780150673,222.87033941073557
4381.963Fe1,22,34.387509806657185,15190.447610924777,-6.5801517821308675,234.14074557318423,1076.382246914725,0.0005931108368296593,-182.56465524788283,-122.95978523379429
4386.207Cr1,21,14.081948694511922,-1179.8239348122486,1.2256767528156716,40.79353069389326,-1064.7528630219163,-0.00010431433269749189,-117.5130700443691,124.00044753374344
4386.207Cr1,22,20.682278174968705,1845.7531169476413,0.2658466172198528,30.536219514411,-1170.1340961347066,-1.7137493528391276e-05,-151.83813711366795,129.4290913854771
4387.097Ti1,21,46.470531612742306,1484.6031146251187,-0.7637507106566666,15.539649508765176,-234.30102347136557,8.731614069701028e-05,160.21237046221825,3.2461125220878397
4387.097Ti1,22,17.851248870837352,19081.36885194939,-5.724850354859511,24.99953252759181,-1825.8724055793953,0.0005252445002314961,-11.070259215696016,183.81980064716666
4398.472Cr1,22,139.3560023765058,-40520.419230235544,8.97908115837923,-2233.7411778313062,8488.495926198222,-0.00079931068468106,888.8100538947886,-1071.9135258416168
4399.855Ni1,22,72.4344445097573,-29024.938402649444,4.070040192392389,1134.4426657782287,6855.936449831312,-0.000325171545894269,-398.37485320766103,-749.3246596276513
4400.835Ni1,22,107.62065309979033,38254.032720230454,-18.237453039292685,-494.5832199286851,6318.092475573079,0.0016369184562426463,-85.74865047329924,-779.8969199854201
4404.412Fe1,22,21.813754916683163,-4512.604511784237,2.4505602185534214,-131.0609103491377,-725.4923399636879,-0.00024945893171799565,284.1347996629895,91.17058017090662
4411.270Ru1,22,47.46947173379608,24972.164519552163,-9.739381929947124,29.08812577033686,248.56101926446124,0.0008972337205349426,-446.9798040616143,-32.41202370659534
4490.998Fe1,24,14.914217310289576,-8965.330866307871,3.297886556178175,-54.27185482784164,42.409185200310446,-0.0002882907476167848,3.3274222175716814,-21.30055055638866
4490.998Fe1,25,13.039262000378057,-5505.879312224294,2.547396585133423,-43.188295020030296,-565.3946762387185,-0.0002222930032424607,24.108935539753414,46.776397365595024
4492.660Fe2,25,22.878102580720643,3519.173242390119,-1.468301329442842,424.0466157082115,519.7654298293031,0.00012208382034712252,150.44382202443722,-62.63104772453501
4493.938Fe1,25,10.327596428242245,706.9679394206745,-0.7955918142631377,-40.46907325579369,853.0478399913661,5.951241249136613e-05,127.3358352416208,-94.55434554323348
4500.398Fe1,25,7.224885422689274,-3269.328183443562,0.5700954389891559,5.322113657927941,804.8057123260621,-5.720716096228722e-05,103.09320226518317,-92.89980953071947
4502.533Ti2,25,15.374130168536952,-4100.95985116997,1.548615881621574,-87.15754618248577,27.36080044189793,-0.00012112954560150381,47.30530479144732,-40.21742121499977
4503.480Mn1,25,7.7109924777420815,537.4964706439506,0.15196309555748938,23.038543518744362,-543.5941904956352,-1.9466111761724234e-05,18.896210267393666,69.09319555292817
4503.854Fe1,25,3.7029053799810105,1119.600861363594,-1.0201508478729862,-42.190945912107814,850.8377027321362,8.538692890239231e-05,57.781044156626784,-97.55871278750149
4506.094Fe1,25,21.222472834077703,-12766.074344533828,4.239902041113074,-162.61828786759264,486.8402353080226,-0.0003916554971413832,84.13447175936939,-49.716258297098044
4509.949Fe1,25,22.44246954553352,16802.480067061086,-5.599888863310675,-6.029901042706045,-504.00656537576833,0.0005074015699333557,43.14819875053724,43.5377888842567
4510.999Fe1,25,7.470371687558881,-797.4154021847362,-0.8452155493979251,51.152520299858104,1353.7471162543864,7.860748237259402e-05,16.77790426105764,-159.4182343272025
4510.999Fe1,26,5.77412456293653,-2873.8695035467804,-1.2483235270559545,34.62219093190587,2884.4354378404114,0.0001142022864990195,0.1826579953253234,-341.3751195872039
4514.255Ni1,25,21.814517074350753,1173.415254396818,-0.14693280370562073,-153.08079635489932,-394.42472446850144,1.2532403150617575e-05,87.6885153575714,50.30932585581854
4514.255Ni1,26,15.423699351104048,-1784.2467649673604,-1.8279529251586046,-155.36865305004477,3299.8334847993174,0.00015801869047101405,2.4067523314850012,-385.6077727388118
4521.249Ni1,25,12.678931972185008,5126.3998592646585,-1.5335983135607718,97.64285132575509,-362.3776939841058,0.00013836549328755742,-147.7323256621862,46.14674316368127
4521.249Ni1,26,12.160799815213535,9499.508772437117,-1.4970704369308006,92.60239887551536,-2516.11932591583,0.0001399039164183968,-77.85584734678156,296.51877202728
4552.923Fe1,26,16.153647083914667,2060.3067688303463,-2.5833200855739085,29.05188259748972,2488.165922479724,0.000220514083127752,95.5854130630967,-281.9889687648787
4552.923Fe1,27,8.860357915543897,2652.869561444374,-0.49380668456849003,15.160879262697492,-593.2843919973619,4.260258636747493e-05,98.17175356294,71.56767235058649
4553.422Fe1,26,21.599644789168494,16298.741761336372,-6.55602246345951,-119.3958620206752,891.1409346644998,0.0005915519653366089,-129.67090539603103,-117.68300233990202
4553.422Fe1,27,26.211286565690344,24906.262379072843,-9.311099827263892,-161.52550173469913,469.7135477545353,0.000844423878587228,-101.76576572888469,-78.93107052373946
4554.443Ni1,26,38.48089715479115,-3777.46218489903,3.3288654177837254,-163.09958832958733,-3330.8117554499295,-0.0002651968215049512,-147.18913218084606,406.42925236112256
4554.443Ni1,27,39.936075323437244,-1193.853736844447,3.6405846446765704,-202.88730053535207,-4877.142964349047,-0.00029116187372467807,-193.11910739020834,574.3696930362979
4569.604Ti2,27,15.410952063466917,470.4312551123424,-2.156172160550654,86.91105534172401,2549.400256843652,0.0001889671752295335,47.27416220525091,-286.36900572913476
4569.882Fe1,27,27.757783408874754,22751.90051429753,-8.321356709486013,29.2525797043015,180.15035117283102,0.0007397937192750548,-70.64501231566528,-6.026571655517635
4575.498Fe1,27,6.270433180060986,-1701.2392796771355,-0.7574804046002108,25.76442506437341,1810.8169202230367,6.391616791011866e-05,50.37043553409297,-208.81611382048624
4576.000Fe1,27,4.8116685855793095,767.9033807559974,0.4162191041915273,31.59092963318394,-885.1825888209625,-3.882709918560283e-05,-11.303878076326711,103.88871640837394
4577.610Fe2,27,11.059243758755295,-383.43511691567903,1.7765421955822556,-27.73879439872812,-2175.533887991584,-0.00013841231296687442,-57.941125627055264,241.5753146982233
4579.830Ca1,27,11.842101541558543,-6514.90546767841,1.841027938189064,32.30024833317463,882.8705474812173,-0.00016562636535279025,-6.01266799810746,-106.84036723721442
4579.830Ca1,28,7.760001218758055,-600.524130567539,0.8140127621927306,33.62711003249786,-541.7665900408224,-7.189745280218356e-05,18.729656145542805,55.93576785289251
4584.412Fe1,27,18.9145060622542,2616.682997094727,-4.450722004663232,-32.19672058654836,4538.845032358882,0.00039168616956373965,77.80054515876984,-527.753406665263
4584.412Fe1,28,17.562152724071034,1530.7368558094345,-2.915919934787709,25.851168949302714,2940.341214400995,0.00026371346956247007,-42.14865916978848,-345.7071571143374
4584.693Ti2,27,11.13929908711751,812.740807189276,-0.9870267078595791,-124.65149605200328,776.8662222944017,9.44506184049792e-05,-57.919208986967895,-86.35279457078805
4584.693Ti2,28,10.45097679508961,8670.914266249893,-0.9166517626559127,-133.25158262421357,-2965.634439163291,9.107300844612345e-05,-75.53541197775871,344.0818860702332
4587.651V1,27,24.0984953111359,-14360.71491498745,3.593968380112906,-87.3622612298824,2268.4164978415865,-0.0003436778267338583,153.58358301972274,-256.6394496564462
4587.651V1,28,32.053968619628414,-26370.98514278808,8.386520881948883,-140.34888875683117,1626.2271366665248,-0.0007692191785680741,242.77968261072843,-188.54481251705323
4588.413Fe1,27,11.464432302198647,-1287.199741129768,1.152155162498273,0.5606772737836028,-883.5950324956585,-0.0001081578442391138,6.637054367184917,109.03447578319091
4588.413Fe1,28,4.912226406810493,-2124.3075289937483,1.0427147209463485,-23.228518835013922,-325.6073897495534,-9.76403685845766e-05,-6.093662818768714,39.962262934623716
4589.484Cr2,27,13.887939075932247,805.1350120671063,1.0318666519081576,-18.323674976296846,-1834.9911049445689,-7.712246704902993e-05,-77.70845482107416,203.18880733208593
4589.484Cr2,28,9.983326296201994,2374.7228340403944,1.3844670648836708,-34.69711111763212,-3091.339883821546,-0.00010484959695432157,-86.24779041667831,349.08558576498524
4592.075Fe1,28,19.12239870587681,-8671.05523514558,0.5748020010799648,-11.228582723965074,3435.2601745544334,-5.7311346715792314e-05,79.85784118259791,-415.70798785532844
4595.452V1,28,13.816755194492728,2888.809765572645,-2.1621745623542585,-77.12281182214821,148.64768323240668,0.00018057812919488768,4.297349292905752,-16.637028359199416
4599.405Fe1,28,7.022286968009303,-2846.0579228430825,1.683493075451871,145.10110406069577,-785.8249507580435,-0.00015323876689584727,33.9101706245442,92.60198531054148
4600.028Fe1,28,14.275647427888728,-14535.188410630626,3.248306602789826,-37.22274612110236,2430.909223629028,-0.0002965444663153798,-100.74765996326983,-258.6812983880631
4604.632Fe1,28,22.869346373068566,7107.62929701407,-0.6519474107684575,20.928676280591368,-2499.3293842456947,5.7906562043167165e-05,-172.27199220756796,287.1998058832603
4605.238Fe1,28,66.84211025457401,-47469.44252674594,14.11411260356537,-352.97001787626493,3721.478037666058,-0.0012844018637284001,366.80921590413857,-410.8145436537683
4605.847Fe1,28,11.307907836426969,-3132.9242833436306,-0.8390328450300065,159.4699423573782,2559.0807537707415,7.263057946561545e-05,101.22101488196401,-307.10004668625197
4606.878Fe1,28,15.701535386955955,-9292.277368231991,0.9903636573183533,14.53972515736866,3016.0021230786956,-9.335580221204412e-05,26.853156348432343,-356.21610717446885
4618.561Ti1,28,10.770517390654952,-3011.8786863238856,1.1179580505557356,4.021942809983734,76.95693581582798,-0.00010563344874614954,3.314307966568396,-8.42904379247364
4618.561Ti1,29,7.428124230577487,-947.115092439518,0.4318422409203727,-1.426283044219639,20.719454844050873,-4.365154724538608e-05,-6.116435735030769,-4.338896435978977
4637.144Fe1,29,3.519366340526929,-995.1842705353273,0.599970610147232,-9.145632301992555,-299.73600958045915,-5.6010897738885245e-05,-13.841337858748414,36.97502061161906
4638.802Fe1,29,9.238725213243107,-2488.437001342857,2.240415541757312,81.07003881911757,-1693.6165278800395,-0.00019985496680541818,-20.008996515987935,192.3181705570692
4651.118Fe1,29,35.01399851422506,-2093.4158915149856,4.1588541834326165,-205.09566443346316,-4267.241657020696,-0.000388736548763963,8.193702930234817,493.06179948896227
4651.118Fe1,30,38.818883401967035,-21854.055366919925,6.278603167744293,-251.6834416559344,2131.2400352079694,-0.0005853496767858355,125.68668562656165,-237.28301580190015
4651.312Ti1,29,14.483299397249201,11536.84037948757,-3.382171903996321,56.15367988832228,-1074.4789155774204,0.0003126255785545675,-39.704514033306,124.19873856117397
4651.312Ti1,30,21.16800105528319,8636.239808377657,-4.4876598195640005,70.85759584111648,1773.479828315872,0.0004113913839037187,-68.35641880803396,-211.16049010186978
4652.593Cr1,29,8.95835371051837,-4009.020695525263,2.3808946407658107,62.97878211459844,-1342.380199778386,-0.00021066472940512706,22.228186444722922,147.70830827239712
4652.593Cr1,30,9.37275335351795,-5684.796616676501,2.406276375476208,79.78053063666977,-617.8424832864939,-0.00021098406209285934,22.047941285389925,63.35454064329237
4653.460Cr1,29,9.897183825562268,-3436.930732911713,1.602875366766391,147.8310987877111,-421.8219849734365,-0.00013675544554626906,11.77674629760439,42.22858941529296
4653.460Cr1,30,13.39656570607897,-2746.0283395647257,1.3285333618481825,202.8304266681347,-405.55706664500843,-0.00011170580278418817,16.350200856917525,43.02123740537825
4657.487Cr1,29,14.378708554757234,-6636.384986937819,0.3195989495654229,-2.527974383143415,2749.594331208991,-3.378003885443602e-05,59.29761308221734,-317.24780225097055
4657.487Cr1,30,12.096413946329362,-6437.29083969828,1.4839771794446224,-0.5849290677726589,1040.9884737960062,-0.00013258931443111473,29.086259745113107,-115.93810338725228
4658.285Fe2,29,10.735986048670167,3010.5630064488764,1.2732175951551088,-42.900797402837,-3477.9302171373934,-9.566546160471478e-05,55.87557690829591,401.9281103541938
4658.285Fe2,30,7.571054879814564,3166.790414861526,1.4300328532652626,-54.44312835761141,-3783.413147273449,-0.00010707782713924847,-4.866741461449556,436.43403225052947
4659.599Fe1,29,19.475275748653683,-1095.4090417756343,-1.0746661934621944,34.0159943328509,1998.103253227563,9.518079275983112e-05,-105.18107335378302,-240.887989747518
4659.599Fe1,30,20.41119792231521,-1427.1919171165862,0.23377950078097887,39.52185101663082,378.96945953655427,-1.4352567071850368e-05,8.162024740862076,-57.007119428295084
4661.736Fe1,30,21.538707055887254,-4288.456695794353,-3.826361426641494,34.713403854656,6864.222865106886,0.000344338338017923,115.24574370703913,-817.5945906954928
4662.839Fe1,30,7.628310411014315,-5978.905770042259,-0.5496578203273649,26.704719253831033,3601.852124761036,4.3130534145924095e-05,70.46322065975787,-422.7796091171569
4668.292Ni1,30,28.68300857527306,-17871.381846856337,1.5256019810732042,-175.34019132030346,6196.4755899633,-0.00013992816028547063,270.3457678912675,-716.8792799424092
4680.155Fe1,30,11.226351666064131,-7699.727582486052,3.08830298214727,46.66528756824076,-330.03038567996947,-0.00027191511581740614,20.067676757674384,26.27015802875863
4681.605Fe1,30,6.7469455648604955,-10040.881293325225,2.7814385774656243,-8.707617657717384,1075.2989453783598,-0.0002559551734109041,36.98496722550097,-117.49164514072095
4682.783Fe1,30,11.668272120105152,-6309.236639052894,1.4947203969703473,-57.514551269127,612.5422830018272,-0.00012060045666686417,-3.8896093014564888,-77.73239567297561
4683.218Ti1,30,9.398481024581743,-3994.5514654786366,1.7668977163119273,32.25731128469349,-277.5304098359365,-0.0001590178194988478,37.59820145403716,25.4883648396645
4683.421Fe1,30,9.415213870531094,-1684.6559651766781,0.44934688212676255,108.36520191290738,181.2580691511014,-3.7547370738582966e-05,10.34645706125406,-22.218319514823385
4683.421Fe1,31,10.082257373758035,-6206.831296020802,1.612473491256507,109.5787411012359,724.5810526501707,-0.00013668994279622938,24.25345737515041,-88.08575445139961
4683.871Fe1,30,12.28335189529964,-304.9784170514332,0.30997157009733156,-80.6822065371291,-438.464970855749,-2.871950860844095e-05,26.108133660555612,60.51602773058126
4683.871Fe1,31,19.762006503205566,-1994.106475704256,0.925456773559254,-82.63731783302457,-534.5696626406552,-8.056901916824323e-05,9.754809630601583,73.94695014779275
4684.870Fe1,30,6.57688597895206,-1254.342349643636,0.27341945321922645,-21.17884703539674,318.257166499654,-2.9852637256279976e-05,9.307347206270856,-37.14063017709992
4684.870Fe1,31,6.187095130119179,-1098.6732337375029,0.9138058737342079,-24.72885499529195,-652.7626888350017,-8.220061930382828e-05,15.701447190767476,74.19495494051783
4689.488Fe1,30,6.487816631977484,-2387.1285956886577,-0.6538505348976814,50.45569656549209,1831.7298717163478,5.8565574339051266e-05,12.228047095550966,-208.4021630578008
4689.488Fe1,31,7.818334544043388,1732.47500052956,-1.1029923109399955,40.167895817427315,441.4075578175446,0.00010281202370468686,-21.7050707718044,-47.54053664305315
4737.168Fe1,32,6.082315937239925,-41.558689213778884,1.2667796753935225,-11.061616374349136,-1670.388192333967,-0.00011216847081885248,-41.363158638706736,196.01079609663438
4738.098Fe1,32,15.958384033823489,-11130.321821760714,4.902783051241132,137.25380857693096,-1057.5473559963825,-0.0004272600560898311,64.57635175735382,103.48819046449631
4742.856Fe1,32,8.774344086058802,-3549.347198936099,2.115431726933955,-6.005900484232987,-1081.0601120798365,-0.00018763198609376925,-57.72309245999389,121.29861519157332
4757.448Cr1,32,6.605189027563934,-950.328342768173,1.1996170596742695,24.21586194735526,-1304.4183645951287,-0.00010999271770595326,-44.685581103244616,156.9599934405993
4757.448Cr1,33,8.29995949134199,691.7618767242653,1.4074459732896092,15.187237522323283,-2348.496338894239,-0.00012479814462024665,-42.16790534442735,273.3647068524351
4759.449Ti1,32,5.688238412575457,-1144.1729536489813,-0.8441020323740056,-12.879800735500336,1747.2139023048426,6.691381213376889e-05,40.39306913901551,-200.79355734406252
4759.449Ti1,33,9.646937349694566,-331.0711293100242,-0.8265644434778322,-16.96722317238682,1355.3472888682888,6.77951815192803e-05,-19.484194138753555,-159.47199363672038
4760.600Ti1,32,3.7967803705980367,-851.5589349429113,-0.49465792874303505,-22.450627496516766,1179.9960171899022,3.4799522948240406e-05,-10.160344207641836,-134.98558928276083
4760.600Ti1,33,10.031766338802623,975.8357105311671,0.3410620682857861,-20.31245354576358,-791.3297134119362,-3.485560548108349e-05,-24.787904654425063,90.16848907148096
4762.860Mn1,32,12.336858288188713,-2340.2803672860223,1.78800518375043,59.928792521236545,-1353.1267676506234,-0.00017088710470909867,-12.808811776963564,169.236802428682
4762.860Mn1,33,10.836230287451674,-946.654174990774,1.5707987862106498,19.64017323394603,-1722.3893626205418,-0.00014942891803752987,-49.10842340065428,208.7252965548376
4764.110Ti2,32,23.553784727870667,-10002.388833390027,1.879256033246949,-257.8967840342555,2311.706247390922,-0.00017664042744257823,103.97785393269847,-270.16797295158744
4764.110Ti2,33,37.0173427866809,-15196.815381240362,4.652311059163935,-305.39183154760667,1060.9030429156537,-0.00042097243890628884,69.15699408904943,-125.28075456682892
4765.626Cr1,32,11.735966731905563,8581.648411230466,-2.9169895372102386,-22.205255263532727,-97.72652484342028,0.00024995520894630313,28.29731166261427,14.235706887637942
4765.626Cr1,33,11.08331000440517,-2668.397976965168,-0.7863528481048371,-8.410431381936458,2224.2462585882295,6.683239967367375e-05,30.96576856946811,-251.57219591310815
4767.190Mn1,32,10.758558806954078,-1036.2548180325882,2.107483193270694,69.74870111414313,-2209.4709391413644,-0.00019005156949984653,-58.68995528063889,260.8686145695054
4767.190Mn1,33,8.323207786494555,-3084.4999881233966,2.0912635575868457,49.50340377535963,-1275.4923271194423,-0.00018670707854166868,-13.515543728634208,152.23897809751276
4769.189Cr1,32,6.277285177198356,4560.389010787671,-0.33470943723453345,-131.18106230167194,-1637.5620007194268,2.396569681627127e-05,24.5256380978694,191.1036761183424
4769.189Cr1,33,9.657368936693873,248.5757405483917,-0.33860989769254407,-128.38698344651866,331.90285175557347,2.5891823876655954e-05,43.98169636174325,-36.46266577222026
4777.402Fe1,33,11.04339730272549,-6705.8598291808175,1.691499860628215,-108.62869431370773,981.7087143247091,-0.00015568186380908022,42.92807746529359,-111.78609862734874
4787.294Fe1,33,9.680604515158674,35.76660503214828,-1.2015062338323061,-40.89502933040636,1591.6087429880245,0.0001019468564551159,-50.977429976768065,-185.28123193754718
4787.619Ni1,33,18.13120110104841,11698.982992697373,-2.9735584771815797,107.4993187098349,-1691.8310267669767,0.00026611434481592486,-156.52299885006883,213.117466762458
4789.165Fe1,33,4.320150486898055,4384.01512016052,-1.1500947707979658,-14.868726854889966,-493.324489927175,9.9394259084327e-05,-16.661235160801063,55.52660593714618
4792.585Fe1,33,62.60789287799449,-52261.86241796675,15.229365803729976,-374.6606014133396,4990.2121861972055,-0.001403180108548953,397.71802913887433,-579.2033349860511
4794.208Co1,33,7.320317406989085,6526.691640638354,-2.5250280443993223,-121.55990600785024,-204.68574514844286,0.00022084766130128745,-51.93625316398299,35.90387350064764
4794.208Co1,34,8.040162560420205,10134.452888483294,-2.668748290935015,-140.21374923239512,-1659.0215463454872,0.0002347896058624565,-123.29826232983135,198.10731930505557
4799.873Ti2,33,9.475105024618571,395.6724435850355,-0.8068146568312395,-105.88271189027954,840.4528155731978,7.726294346704294e-05,37.71967319746925,-105.86131734142933
4799.873Ti2,34,8.18742442234677,1745.6298204951918,-0.7595157667017657,-98.35315289799011,119.1084458644279,7.579886005379631e-05,-15.325541695561029,-22.886417860726052
4800.072Fe1,33,5.354340369288826,679.3038021425724,-0.8122455941566334,-49.6432318682585,825.921305194189,7.005459011417862e-05,37.86678635881197,-98.67013647883302
4800.072Fe1,34,6.360563867154091,1282.0974013605173,-0.6105803980766042,-53.56209720053912,311.66558878661584,5.2416165625724345e-05,10.99852723308215,-42.04172846337075
4801.470Fe1,33,11.610989164640605,94.16824656450031,1.0666211296548627,-3.2721314895666183,-1447.4727124057226,-0.00010026078329475919,133.0774096162212,171.3450549252644
4801.470Fe1,34,20.186872091801618,-11011.922501072046,3.5804802593361518,13.055662546727401,374.1336677572566,-0.00032067778521065773,52.669575037664686,-38.90838008664811
4802.370Cr1,33,9.687130817597081,1393.729182648975,-0.35085568772555376,5.318200938423132,-231.38731547250785,2.5198655503852548e-05,-37.93771296071281,31.88174699592088
4802.370Cr1,34,6.466517710064102,863.8680509201791,-0.6728383806795959,-6.163479995625784,425.52599044743624,5.53371176614884e-05,9.724245512673864,-45.34439486961113
4805.862Fe1,33,15.076500974096282,-184.89932586978878,-0.22428735568657976,106.65127824974273,142.85667358723197,2.2214497298500883e-05,-106.34527302614376,-5.846696082307225
4805.862Fe1,34,22.105062226657058,10631.884571859167,-1.2717546628060514,170.108187621806,-3506.1784721364947,0.00011708415372289214,-150.54928084022345,413.7090649061383
4809.052Fe1,34,5.7389749687287885,-1092.1284725876862,0.9207345077485216,2.743048353509505,-663.7260154346973,-8.587146503724084e-05,70.52726644303321,80.80746747075753
4809.492Fe1,34,6.429962164915017,-2130.2757801056146,-1.3081250931215647,-23.709418738087003,2726.429506626345,0.00011535963761624509,38.58488669438812,-321.45098336655053
4811.877Zn1,34,9.105173441017229,-3673.4493064911467,1.1094660535576546,-42.854045281600584,308.0882484035363,-9.15782181920014e-05,28.568923819241714,-52.61728242349949
4814.458Fe1,34,19.250300708621673,-10018.230541716493,3.260103812716092,-104.7009762600918,349.5248746424158,-0.00029160377287689647,79.38517647224191,-37.5421333232728
4814.838Co1,34,8.697328333864261,3801.148844598961,-1.0642472613897638,-4.372930921769353,-949.2467687023832,9.91121987939101e-05,-15.690628472358673,116.1963786391663
4824.870Mn1,34,13.43868231756754,-12562.70007589664,4.014675627256545,-32.88997040118029,243.31633749839563,-0.00034839573642604253,55.34036005318156,-42.11326429639662
4830.380Ni1,34,8.439258325125158,-1733.8629634611566,1.6487172961431713,94.22256361214791,-1643.7248808253976,-0.0001408530061205933,-47.72555545716746,193.20491007957693
4897.806Fe1,36,12.889200940197643,6099.055390621297,-2.3475785057730487,-25.81801125477023,39.65651023078101,0.00021333517228483526,-78.42754172444137,2.879122454277947
4901.486Y2,36,9.25814212971201,-692.1666898414667,1.146668117738611,-72.90234167513117,-1324.2452291430704,-8.705645592725893e-05,-65.42321755148397,148.9552861847472
4910.754Fe1,36,7.219363200468158,-2897.3219973609316,0.958154260375616,45.082006656091636,146.51286629549807,-8.896225829771082e-05,-15.512289132573748,-17.336380118066486
4910.754Fe1,37,4.288642566117574,-2641.602796602008,0.5193954227680251,38.13295632532813,572.1476605728346,-4.819777306595096e-05,18.113703824327857,-66.73253804055248
4911.388Fe1,36,8.860015157095347,-3929.729454213664,2.205584218587734,94.7906270099976,-1007.9665736174558,-0.00019651865789504974,6.515805276086252,114.03767645961003
4911.388Fe1,37,9.304606535835628,-4824.332663033174,2.106290117070741,84.45030106424375,-511.84147403404455,-0.00018483987756027885,-20.627865427698563,56.418479014701376
4911.696Fe1,36,7.2257864240491365,-2990.9015516630284,2.1631854497298044,77.81486394165722,-1394.4425543927644,-0.00019207576756476695,-35.671102383360726,161.2341877023621
4911.696Fe1,37,6.35434812557694,-2390.0805476557002,1.5206882885357613,67.5093447580007,-889.3091258158355,-0.00013294595228297002,-53.79671693480471,104.92090222212309
4911.936Fe1,36,8.66753081399175,-2829.9511085428217,2.473749280702918,71.34589722649142,-1902.16321088567,-0.00022042858185199627,-29.121172899399834,220.20379817364625
4911.936Fe1,37,9.335049512326831,-2945.3205982560207,2.3396312811512185,50.90255909671979,-1712.0634314598994,-0.00020573765161726018,-27.50994549667411,196.7023099806184
4912.566Ti2,36,14.214171387654757,-2981.943536616797,1.6419097827311506,-123.51425411992447,-848.8873983885524,-0.00013259746852499897,22.728947844583825,80.59074852213857
4912.566Ti2,37,14.385247694230666,-4979.0334237220395,1.1713272421306637,-153.27981147940523,676.2060378643397,-8.928889541545046e-05,-76.24131663628113,-97.32425093254783
4913.150Fe1,36,3.2927159145022373,-1617.5687990120036,0.0933288569904929,-20.450562073737572,574.8370249472163,-1.0625093674397018e-05,-14.3611992351035,-63.65830697747602
4913.150Fe1,37,6.497052173164079,-150.3463472955866,0.9153198093435718,-17.268821260280454,-1281.003053342364,-7.711986896869503e-05,-13.465845103905215,151.7698420584886
4913.389Ni1,36,20.89180866034548,4686.14440814117,-1.1011093242660621,103.25331782950823,-535.1470629689502,8.686838722749038e-05,82.77469807735896,60.84536885059916
4913.389Ni1,37,25.952572574231876,3039.5275024591065,0.6122613329846048,115.78897295454941,-2016.0577044199758,-6.171853961099645e-05,119.78862531825938,228.74725689957103
4914.987Ti1,36,6.056700608689151,974.1768135520971,-0.9948064621151583,-21.00784577492256,969.2399104974456,8.053512848765236e-05,-42.81861218281091,-112.11651544783203
4914.987Ti1,37,6.37236146896811,4409.530400616128,-1.267223556032875,-25.497405797541443,-258.01648912000445,0.00010805432248680487,-1.3247238635630803,23.519139977002045
4915.345Ni1,36,7.569358915483006,-2268.467957875733,1.1258767523501414,89.2654112346672,-437.0227608710345,-9.940264699917611e-05,-35.64205561714352,51.68064534257547
4915.345Ni1,37,8.166425103294193,-1958.3771749674656,1.3369636791447956,94.42334370888368,-907.8957028351251,-0.00011412038212512696,-12.728334135806202,105.650268882125
4918.603Fe1,36,7.274379341093191,1616.6622574430967,0.055590934627535386,102.50751226430613,-813.8015859419056,-7.086746059282181e-06,-32.5756103186993,95.33401857640607
4918.603Fe1,37,6.136539220031509,1535.1467613656662,0.6222736801010659,107.78068872909488,-1571.8012406926175,-5.2930782452539924e-05,-10.806587408177787,182.0035089943705
4919.730Ni1,36,6.540629314868636,-719.8423487106143,1.3688032223389388,73.42703172778187,-1222.839989800861,-0.00012441699647420474,0.3654345282049387,146.20732237123468
4919.730Ni1,37,5.559468307658958,1020.6218324513434,0.7398657827228731,68.37043302392937,-1226.1859507320194,-6.716309029882753e-05,-18.23134987937064,145.91251536274382
4920.075Ni1,36,40.763745796422604,16299.634182603455,-4.653930530638981,190.45539550675818,-1754.0804588452793,0.0003991044966144512,-328.2784126528925,265.18277241347965
4920.075Ni1,37,46.88980858302571,41569.16061865585,-8.923160444911836,195.97091430208613,-7888.038575797547,0.000774776845009194,-380.46472141062577,983.3493438617936
4924.532Fe1,37,17.658691864469347,-5187.760147272844,-1.7328736270852516,-73.18577037567019,4506.88890673637,0.0001699019699030496,-51.56875263899654,-545.394542337295
4932.175Ni1,37,19.946189322054348,-2747.7425379460065,-0.5304509692599658,-118.8106421873868,2185.393337632521,3.922010860710181e-05,126.20982352033462,-260.45707211264937
4937.210Ni1,37,7.602849970564505,-254.93966572834364,0.8816050309416462,51.38182173061278,-1106.1307009428745,-8.166573304082112e-05,-13.675852719673944,135.14868458734068
4937.713Cr1,37,9.316446036013751,-344.6968763172739,-1.588770418252099,22.943506586365057,2412.4910285958695,0.00013109128871768746,121.2011641384847,-278.88508418247983
4940.192Fe1,37,14.892664923491125,-10890.060842065974,3.4548324787311113,-9.682047177701408,695.6164821546528,-0.00030277251356916775,65.83092426834041,-95.75059185515713
4946.824Ni1,37,11.702504653804194,2455.4394264804864,-1.1957275699911831,93.93135927849956,230.119196447961,0.00010739617354843636,-54.343690094675026,-8.109635004257157
4947.017Fe1,37,7.951340254768308,529.2205413691077,-1.1883292893428534,-19.679927753186796,1465.1404055010119,8.95436096555088e-05,69.46338001430892,-164.30934374874576
4947.411Ni1,37,17.752147140450447,2224.421615761597,0.5282490667595561,18.910611703813387,-2130.947507274436,-3.610113349711002e-05,-90.74986557743355,273.11836976628047
4948.988Si1,37,14.871700717304487,-4340.598306740746,-1.5225446145070884,102.81191692212161,3750.3287709293363,0.00015416040580545865,59.52020636024706,-456.0560707708398
4951.487Fe1,37,9.184829513591504,-3418.1850602246773,1.2015012230087039,119.71115701285112,85.30011070475899,-0.00010871008178397196,36.63368879651399,-11.47110408588809
4951.487Fe1,38,6.8725135167204545,-33.55206883535129,1.0121663772553187,129.2437096819913,-1276.3407185794065,-8.781972278762986e-05,44.2121227347301,143.8785726801398
4953.667Ni1,37,12.857050737171628,7135.675482811864,-0.09378064802327665,84.97015726130321,-3733.0836627258027,2.3908062660365546e-05,-112.39253594719251,447.0733484544014
4953.667Ni1,38,29.066974670402807,7902.182606701836,-1.8203169224747007,74.56502094076033,-1799.5244840690727,0.00017597877232820316,-119.41228205626143,222.62967605116
4956.188Cr1,37,20.145426068058228,-12662.568576811103,3.85112979544579,-155.64151309788852,980.2740034315092,-0.00035797053782995916,19.047737897591798,-107.43753340585013
4956.188Cr1,38,26.520858929117193,-12324.237477728415,3.9924162537782846,-201.36954851268933,658.2882442163901,-0.0003703856081714009,-17.642867704669868,-73.95068373483576
4963.956Fe1,38,4.11475087744709,1580.7073686550646,-0.13060728665321106,32.35370689386087,-446.5999226211789,5.520011769586103e-06,3.4302166809244055,52.69430869702601
4966.313Cr1,38,6.51196097587604,3128.4934372674643,-1.7034258082884275,-34.45294270197101,832.5434888174063,0.00015102895389529957,13.361090414330464,-101.29554388109403
4966.553Ni1,38,21.56828680586643,5202.500289807937,-1.618341118442176,117.33828521292838,-164.6506333855166,0.00014399409040953377,63.32183646774937,8.32921124697623
4971.304Fe1,38,7.111636313907951,-1309.740986491016,1.7253912359254142,93.88607832326142,-1691.2154919591908,-0.00014849580942552417,3.2189028710760166,195.07549575151563
4977.524Ni1,38,18.718657425553083,10359.585166819092,-1.8152916583068854,81.25346303403705,-2731.3047986792426,0.0001652817562920636,-114.15050759551862,335.2164498729211
4977.715Ni1,38,11.168725335107027,2021.471764278362,0.8394920700978324,61.7741893688147,-2217.2665084344235,-6.950750220690353e-05,-73.06812226458396,266.883342134109
4983.890Fe1,38,14.833127972539419,-10212.603458065732,3.463689569440128,59.601694187476824,254.37984553465205,-0.00029964475699109796,25.794650037552444,-39.155769973251246
4985.243Fe1,38,12.73147999437548,-13135.129700960068,3.624075290304763,-7.1108658716996525,1440.8129728218075,-0.0003173468716091324,15.631589561700446,-174.90568255247936
4985.507Ni1,38,14.891314149335416,-7678.992296244249,3.056881673383224,85.99519051066612,-503.504817963658,-0.00026758367336131896,-6.991733918063419,57.56868910712957
4986.644Fe1,38,11.038159005105395,-7680.891462092681,2.646348647798757,33.61117862129304,158.83827256209236,-0.00023194316100127739,-42.90396533419619,-24.031891549138685
4986.938Fe1,38,11.615291582007014,-9927.515577439004,3.4348364626691774,-26.572820367438197,228.33316900578473,-0.00030186093118715715,28.679689465272478,-36.98615374570466
4987.613Fe1,38,5.130912802861744,-1670.8131403947234,-0.2924633825616393,23.804597688995575,1222.0803602071119,2.0096253000068627e-05,37.650570206401774,-137.60633144446928
4990.341Fe1,38,8.686825560275494,-3366.188833880965,2.11025196243195,89.10360692199656,-1186.5998017677064,-0.00018348741385363604,-37.909110654230204,135.99308284423705
4994.748Fe2,38,12.898812371802947,-11541.916418697885,5.345496539930021,-75.09370331392627,-2277.51294047388,-0.00043841091223941473,-3.9387360088519374,256.83251173853756
4994.748Fe2,39,12.968122981413362,-13195.227900075282,5.490778473740757,-75.99176475778171,-1766.0063034381574,-0.00044726478177332745,-53.083118902799676,198.06826743582468
4997.044Ni1,38,8.513836829388788,4170.1780182718185,-1.4844250183630603,-45.00438532901033,99.6878645423353,0.0001260389831091616,-80.91982438757304,-10.506409684189745
4997.044Ni1,39,8.377165609879382,7910.820342190498,-1.424422852422517,-30.61176380508902,-1741.565640492478,0.0001212752504270395,-80.51363390125132,205.42966616544183
4998.487Ti1,38,3.0275481511156386,3950.6281498123903,-2.1851706440086724,-45.98363036153568,1229.6620581125007,0.00018808275226415435,-36.186571982422194,-146.8343090487272
4998.487Ti1,39,6.758863884832764,6210.261452009155,-1.991992048626715,-53.965475329380055,-80.89250321168078,0.00017329371287270825,-24.178345667842564,1.7465434760590073
5006.566Ti2,39,20.3801075799714,4440.145841996095,-2.3394392856088766,111.47238841775494,944.5091929011655,0.00019921897532494784,-46.93365226039417,-87.35467832374584
5130.585Ti2,42,9.761546683419141,-346.8249531223712,1.3724139098341404,-83.06268073655126,-1728.2619472128772,-0.00010084617151341083,-23.831054433567434,180.4960173411853
5130.810Ni1,42,20.035170566962616,-16079.443168094675,6.10006782332172,98.29510565726493,-1239.3360233107494,-0.0005191485291747991,-37.09289508956116,152.3668643897112
5132.898Fe1,42,13.759277727841342,-5493.90536695248,2.7972232435894693,82.80625708015278,-873.2185177635764,-0.0002489299858414424,68.35702726505713,83.99266249186684
5133.204Ni1,42,36.77296912685022,14556.621522112815,-1.536563960538348,-32.21365983135774,-5527.974511126623,0.00014833204235807003,-219.29001968819784,676.922040548635
5134.091Fe2,42,40.64093121904289,6103.434026844777,-4.893592909115668,35.38936816555707,4685.370578012781,0.0003734987036691221,282.8072498978846,-548.3752145021438
5135.118Fe1,42,15.165582502716207,-11114.251120158062,4.582507796046718,64.84221356710768,-730.0708954478897,-0.00039246312055512823,19.218884116352786,67.54272416213156
5137.524Fe1,42,28.41885317293528,-25856.92654094067,8.108413336969384,142.6226767260324,634.6911966912219,-0.0006657657742105816,-92.46878539737321,-94.10125812020158
5138.510Ni1,42,21.154169437121617,914.1277989735038,2.3120201596933287,63.99756821834945,-4010.684432234744,-0.00018366710465301609,-240.43834911352056,476.9935730024387
5138.813Fe1,42,9.28466530855696,-6281.79675344424,2.449787305567469,38.833480120215626,-191.95533940794667,-0.00021257429647176442,-2.8921194573003013,12.096740764588002
5140.894Fe1,42,24.607674128010682,-27256.9769923258,8.249974737889742,-22.828949667402664,2094.149933792105,-0.0007216705310180986,137.16137628777258,-271.58354989913465
5143.171Fe1,42,11.424877184253798,-11524.228736170497,4.268875006918929,20.276345659627975,-334.06504325083245,-0.00036552000718825177,-1.8909897899034256,35.027508556605305
5144.213Ni1,42,79.14670234888047,35400.61039439976,-8.663631910854846,571.5911003404549,-5092.651129120723,0.000775668095190081,-187.43724523261125,587.0281828903483
5145.156Fe1,42,7.58325547896061,-3711.7023213257617,0.8964151671029446,15.679071352705533,330.57265033902166,-6.711148760629245e-05,-49.54734010514345,-38.00246277302203
5146.101Cr1,42,62.121419740762555,-38623.976742819184,5.36271858751517,-279.2032459024176,10737.485161202649,-0.0004888579068049127,-80.40034949215713,-1214.4213523975939
5147.551Fe2,42,88.38870124726506,123061.60764556847,-28.957184073423733,-477.7046426248422,-18788.709774713927,0.002500939028768765,-326.94974690202105,2239.601631635579
5147.740Fe1,42,103.3481949181005,-24305.052721267642,0.9511227021077993,255.08392960654555,7599.673139473997,5.090006327368658e-05,-840.5206261559485,-845.025284225336
5147.920Ni1,42,15.532657087106347,3599.8880618170115,-0.4394935667553959,57.68287284329443,-1018.1243572959133,2.5710455289724917e-05,-68.06736194622897,126.50590229183656
5149.476Fe1,42,17.36462182720047,10323.902401663176,-2.5502843664572366,131.50156869192529,-1524.4369083062352,0.00023038926389861155,-181.94932847204444,184.61948850074694
5149.663Fe1,42,15.075488062808923,-11046.600057883046,3.7850453145733116,38.836127785104885,513.5813800525706,-0.0003499440507049161,97.83521802246753,-68.61089167390355
5154.671Cu1,42,39.87980687753872,58833.81502945439,-16.673010809984433,-296.69442543104174,-4811.670732608304,0.0013989970890951019,13.377866599982113,615.2515490571583
5159.418Ni1,42,13.665344670843302,2405.3043099884776,-1.4744432971206336,-134.85169337028978,850.7865327656872,0.00013137069852590805,16.70926108456276,-105.80255169360244
5160.494Fe1,42,8.570864637287876,-3526.521395098305,1.956593862990132,69.94333537410319,-816.4306241406086,-0.00017420170276757696,-17.86917169463904,89.71242626266852
5160.494Fe1,43,6.839320667869673,-1404.4216949180839,2.0189305127361683,64.90073973952151,-1927.3569935465353,-0.0001757327721562092,6.120886318993543,216.41194962938417
5166.849Fe1,42,10.055779434906885,-4135.840937647615,1.6067340672256705,58.482766811576006,-62.373196197725605,-0.000145328060389453,-42.24383561431253,4.305448466051249
5166.849Fe1,43,8.687681647237644,-900.4096242186864,0.5410141637709247,45.70429189840844,-156.17372703319603,-5.190020373574938e-05,-53.931576273203376,15.130362423595821
5168.761Mg1,42,25.05672580785687,14402.167903616875,-4.4258657645885995,102.81397275097066,-640.051619193335,0.0004330952517292401,55.92431056046157,4.559859395982011
5168.761Mg1,43,37.91543313596691,24043.120353370818,-6.848544232772513,165.54751937324855,-1978.0175890771884,0.0006510870532566681,100.74605424105148,160.00538443090454
5168.927Fe1,42,93.19113000401097,-69375.2170291156,15.942262303867931,-208.80961509986722,12151.872140156303,-0.0014211355802647005,368.72561149055906,-1475.4778708427884
5168.927Fe1,43,108.35854303554325,-90868.40118438264,25.736200472949243,-263.4800546639653,9230.467705176481,-0.0022901801664154753,477.5690336276773,-1134.5306548023373
5174.125Mg1,43,20.933875855990394,492.5732117971829,-0.381553533320374,25.637083277643733,652.656776907722,6.894266544701584e-05,213.57054507227636,-152.31738229728137
5175.181Ti1,43,15.628837691903938,-10716.667125203365,3.2226764015198177,-45.14286058294958,1049.53937936084,-0.000291027110799584,22.01889019355123,-135.50916477924605
5178.000Ni1,43,11.396521520050788,1920.6714841798744,1.354943261736461,43.537671511661806,-2669.788636835454,-0.00011986003113225183,-46.37475210527246,314.6397514428767
5178.676Fe1,43,55.757193603845494,82099.23787672014,-22.061259522717876,-278.94398763935413,-8013.8035849133175,0.0018633465953731222,288.4104712232082,958.9979581333391
5178.844Cr1,43,58.25160888489252,-49581.19735808137,15.183659396475905,190.0586948179287,2161.2983362530363,-0.0012833496801292273,-330.6110521508093,-269.4908681955608
5187.346Ti2,43,13.980280977558863,-3543.0498075709897,1.1370288582299894,-105.09968174452739,269.78476810826163,-9.279688567937608e-05,10.731885177697059,-53.627308554522024
5187.997Ni1,43,10.682327109649608,-88.33198574487193,1.1416424772907083,-13.837128080155123,-1660.8940517771587,-9.391544940642787e-05,-26.93158788954019,199.7789465012798
5190.132Ti2,43,45.12019048716718,29107.302801132137,-8.059810548410166,184.34330906875368,-3073.0330150501345,0.0007348773354334581,-308.8647203827068,357.9509972008808
5190.300Ca1,43,44.22545902740023,-54861.0360740253,15.983893746437447,9.878114143273095,4616.147905553626,-0.0014416717895367587,169.44575618052627,-538.1864370985251
5193.441Cr1,43,31.78725944679407,13129.323109545043,-4.9504721541606695,34.701578581571766,226.00681441282043,0.0004407340243593789,-23.158511743732273,-2.299189438249153
5199.384Fe1,43,5.857629557434416,-253.97852880416798,-0.6975325148587073,-15.620964256043937,1107.423111437363,5.4937771211071234e-05,32.92129807367072,-128.5237246908047
5200.158Fe1,43,12.927530249680503,-6835.41442592135,2.7440594083664225,-57.41240855584376,-273.45701970535106,-0.00023920781369769724,-13.03189769574706,16.027605973535422
5207.172Y2,43,21.286873382802263,34270.09444617137,-12.957764395981666,8.213060199087131,1699.0613294800803,0.0010983224138887094,-123.62806951232791,-170.3909577258579
5207.172Y2,44,25.061441210394154,43315.01333371816,-15.847734350605688,37.60382203055856,1436.3375438296673,0.0013406311113630357,-144.90580091905693,-131.4266262874792
5209.550Cr1,43,133.7336196917437,43925.91881629837,-18.59520020323992,-716.6852320495359,4911.963865996995,0.0015612005518103624,399.6013269813461,-488.6581192114489
5209.550Cr1,44,164.2302960795291,39142.64403771876,-14.087736894413084,-735.8410417125458,856.7479897851047,0.0011478300371391373,-318.147961823475,63.75662885556291
5209.860Cr1,43,16.11959396522366,-1189.5207050223764,1.1411746682250548,30.763405689145813,-585.0852662857328,-6.731599241503604e-05,-30.089637540329043,37.62740569416825
5209.860Cr1,44,22.58797705689686,11589.194763569669,-0.7948994528963579,46.146122883440675,-4052.385732853886,0.00010878283217333532,-165.74772711409094,440.24262827850634
5210.044Fe1,43,103.30736321547477,-60846.17931836718,10.217619712738383,-197.4751948575932,15953.900613559124,-0.0009624976604344941,423.8393841700732,-1880.7545619456287
5210.044Fe1,44,129.17513577045514,-68191.16883306079,12.544082734076534,-250.13439137915356,16379.367456644051,-0.0011810245930626584,529.5265100221106,-1928.1653093225755
5212.982Ti2,43,9.97926501128168,4991.32747006688,-0.2313109741490473,-122.3160061296662,-2153.983323176494,2.8540916135504557e-05,-35.090163133688,246.34158639064032
5212.982Ti2,44,8.87097315192098,7086.041071922688,-1.2954015242093087,-114.53188245936883,-1723.5345905286417,0.00012206516525510907,-24.532009080160382,196.46949856857614
5215.583Cr1,44,8.688106808685344,3230.3114593232117,-1.8668826162420502,-57.83365724774789,955.5225878678817,0.00016529985510125214,-15.649193584610343,-112.98410209927408
5217.726Fe1,44,16.62504950781193,-8291.435277805303,3.055423805709018,-81.28112540583489,46.95201359587507,-0.00026321839557732823,36.09450369386485,-31.92903839042826
5217.936Ni1,44,55.33995920129756,-57899.613780377345,17.927945169849565,178.47712651253283,2894.0976806560407,-0.0015794746944929382,255.48358032218218,-329.108268611767
5218.842Fe1,44,14.905229918673118,-8297.295526626762,2.812351450447217,1.3754587365524047,283.2997011753028,-0.0002468048955715422,16.59387063521511,-43.363218528462895
5224.639Fe1,44,2.608994113577375,3971.923656686314,-0.9160719392246144,-8.778258470698189,-708.5260448817779,8.194972960148207e-05,25.003233957647215,81.60051899384632
5227.994Ti2,44,8.986688573902876,1585.0989755091764,-0.8219254806342671,-21.353002991906724,509.4264377239375,7.652777563541372e-05,-59.54638533633278,-74.93906008993825
5231.680Co1,44,8.796782563712146,8015.865255269127,-1.7477830112168862,-9.230465926023626,-1805.987333770264,0.00015877961702576274,-37.19581678026513,205.09805221014537
5237.661Fe1,44,8.384602227753689,3547.421306078675,-1.3999349003969608,-5.9632986164450985,214.448597159232,0.00012092268782972359,25.76820701432852,-29.19089064078147
5341.414Fe1,46,12.183487553498681,-10310.672264442032,3.5468682071494855,19.443709980125057,289.11605304816095,-0.00030867641436740234,35.936974778633285,-46.88317851014803
5349.802Cr1,46,9.98788807569171,-6110.647331437291,2.19003660186435,109.14995799340205,135.78453781001107,-0.00019111025082760747,55.307639671669655,-25.459836756454386
5523.980Fe1,49,6.916502818014662,1675.1731559655202,-0.8372424045562096,-11.05824167786271,340.08822478657754,7.081821016261184e-05,-22.531050980102382,-39.7691156055452
5528.320Sc2,49,11.30372393943837,-3141.262924530222,0.55576456768193,-99.84253541340625,1480.6063472196317,-4.04634243775105e-05,26.59643942076622,-193.63213009873695
5536.376Fe2,49,12.233581596404704,-1855.9759367318295,0.8086153730344519,-23.652513964934492,-220.21890335219396,-6.156115580808608e-05,-14.896114788862057,15.135020247221744
5536.376Fe2,50,6.478598659667313,-556.0977797655838,1.458417992459766,-36.863623777330226,-1742.112327873154,-0.00011511642791083556,-7.545935481110496,191.49246356640177
5539.338Mn1,49,113.46276273876163,-16734.27403691514,3.0082848261104584,-764.7365715887372,3604.7389760372735,-0.00027284546468923823,875.1950209784264,-478.92257331879205
5539.338Mn1,50,69.2721587968057,15913.54192538365,-3.0296386790125887,-547.6917610044436,-3804.3524851520942,0.00027097928324892304,188.38006164998728,374.19317049920284
5540.054Fe1,49,5.766209830474272,4787.2579846866665,-1.4983247998223819,-34.022726160240005,-240.76446989871766,0.00013003108876422884,-34.858226264477295,26.950503701795917
5540.054Fe1,50,9.183846807441588,3882.5245223825154,-1.0668855670668604,-40.927112470021676,-392.09013326077485,9.410934284699632e-05,-24.913466455173992,40.74823340007155
5548.046Fe1,50,7.4397491639180515,-1113.063083277455,0.15719671151701492,59.745398075947044,402.9899689839643,-1.5948681457003647e-05,66.99298616354736,-51.0452935481239
5561.755Fe1,50,6.237723317988127,501.53675361773867,0.30351766520625845,52.29877922020087,-590.1326230290936,-2.7257634176070958e-05,39.416451518003974,64.89817324683142
5567.249Fe1,50,10.642702800759569,-7334.158856091293,2.4427850367875785,98.64375737429056,362.1476664900685,-0.0002161787086200973,-31.436450226525572,-53.47902955856462
5571.164Fe1,50,14.418950087146412,-13028.913193103206,4.44494952816448,-1.2765729843123472,366.65362532607736,-0.0003850872662840993,42.71328282356218,-59.05842002727802
5574.389Fe1,50,17.09779513940853,-16773.497965954724,5.1183229566310535,0.9615723199760426,1187.679090530673,-0.0004399434038029255,25.368944597205225,-156.00543362896352
5577.637Fe1,50,10.075882868743735,-9305.782613986954,3.365876614288355,25.498365118353064,66.27439693090949,-0.00029366511253255687,9.61598237958837,-22.40775289653441
5586.315Fe1,50,15.450589979997766,4120.514332768457,-2.1481327943208828,85.43578055901021,849.7353496045525,0.0001982097403642912,17.15841885656608,-98.02195805133618
5586.315Fe1,51,15.63310399821498,-1605.8156139362347,-1.730168213479371,62.14981829198602,2997.029874027332,0.0001622830165792526,-3.114921507603461,-351.063761953065
5589.125Fe1,50,6.499035104565069,784.6199120471468,-0.6250165479308623,-19.370136071586202,386.17029467521945,5.647080576995149e-05,8.24600699987247,-42.213470127834334
5589.125Fe1,51,8.308808783483148,2906.9178884078747,-0.5313568153899494,-7.855170405803982,-706.5672721209157,5.1597078513955436e-05,44.90699844734156,77.64249518214096
5589.410Ni1,50,11.994318356131888,9.080805244910152,1.5816180639931703,122.88503049717973,-2230.3867882510626,-0.00013489225463177582,-68.19645492442312,269.12319861861334
5589.410Ni1,51,11.746440357886822,2596.3322037856815,0.7240342863576267,113.93028169448355,-2255.1506086208124,-5.8404813621980605e-05,-73.26484878315364,265.4973196073096
5590.310Ca1,50,12.075878606148393,-11186.067333981482,2.267634576454087,-68.43875169684937,2173.510759508479,-0.00018982762302083324,-13.480577680088137,-273.1245788262611
5590.310Ca1,51,11.262470825902984,-8291.7366611423,2.045937923139951,-54.20462795808354,1076.3880916751377,-0.00016919355340593684,-11.485879077904242,-143.83730822128348
5595.288Ni1,51,9.823314190407316,527.530908775437,0.8337802610814229,10.871204198758353,-1506.4669624507617,-6.83675368125921e-05,-93.41999166233963,186.24343120955984
5596.208Fe1,51,68.5136102242635,-70174.92270365778,22.866913509872237,-25.678618477918715,2946.2754082329507,-0.002041794226371368,353.00729058219133,-364.11380185380165
5616.332Ni1,51,7.3977941384237615,-224.76944590949293,-0.3045953705737517,-32.55332652229419,516.9391986986006,2.48049654759899e-05,14.981313700002806,-56.17128774321946
5625.583Fe1,51,6.801756984721794,-33.027082646163905,-0.3742235001619731,64.2689069314504,554.205682013427,2.947078742383123e-05,41.981638877063375,-63.34575356515376
5626.890Ni1,51,8.671325889849289,479.5026026454941,-0.6990229985442216,51.46999448271864,446.0667182559985,5.89199943340331e-05,35.29072959154146,-52.0278156662019
5635.510Fe1,51,11.158106086556044,-6126.054474774171,2.438121195826901,73.5345774826415,-357.84981878523473,-0.00021408696088531727,-50.74035955104589,35.776262069897314
5638.260Fe1,51,7.896282290265446,5370.133961188406,-2.403574852641794,-31.172504788436434,686.0952712763403,0.00021236376861054825,-45.47676443406497,-83.07445576960502
5638.260Fe1,52,5.745942012767349,3449.544006023766,-1.4528008006076893,-16.52872031976169,275.9793377023519,0.00013167046741358268,-22.175847101038666,-35.35641137049132
5641.876Fe1,51,35.8851166165723,-6576.21320198744,-0.012241174397834759,-40.85242742771156,2930.5959268470115,-1.917764811978383e-06,32.50836832047793,-330.92522198147657
5641.876Fe1,52,12.683412023127111,-4942.117553106385,0.0342912322608379,-75.69280975022002,2193.855311885914,-9.941439704479993e-06,120.39139003759955,-249.37127741356696
5647.178Si1,52,14.572664535345284,-2673.8598633117817,1.0100139138302833,-59.83818106671843,-230.20715873795683,-7.713774209448247e-05,-86.93533808640522,12.482853526965053
5653.037Fe1,52,7.644893892704975,5085.666154806525,-1.6187431276654256,-59.66463422449633,-195.00196956391744,0.00014383523591896365,-10.457976805481287,16.459390080098675
5653.886Fe1,52,3.4561725231274276,2890.9949637387754,-1.2767478763641393,-34.95396618540937,307.5025971459154,0.00011274501514405015,-43.44862745792641,-36.384365493625836
5655.435Fe1,52,7.798617453962309,5428.613317792555,-1.6905555853289482,18.96392517393545,-377.04984302251273,0.0001517544896062269,87.19845738359315,43.85866152225284
5656.746Fe1,52,6.7633700160974435,513.3243083350563,1.20221676961748,41.930852586218236,-1786.8362175478446,-0.00010737551046924357,-5.848031608735039,201.29066200776649
6067.161Fe1,59,13.941249800563726,-9703.30185842458,3.7911328185983217,60.86692069170157,-302.582646739537,-0.00032605882474587354,58.148068225634134,17.628984321081855
6080.173Fe1,59,11.080145531771628,-6526.779924944973,2.202769487332095,80.01245357036707,306.81855050488537,-0.0001963790033539217,-42.9738979402097,-46.19194939708314
6080.690Fe1,59,3.669765303977088,1030.0083978178204,-0.3416846906773113,36.86586107875004,35.869384250861565,2.9418944308270456e-05,30.980820467803508,-7.686583543669015
6084.394Fe1,59,8.803634381658137,4252.17441754248,-0.5393451688769327,-38.82709808054446,-1150.657426725587,4.513326482087268e-05,55.17674050574858,125.92827629500026
6085.787Fe2,59,5.4375786458861075,-204.61558617674532,-0.3559236801673509,-75.41136538055154,425.44112124534786,3.675527975382579e-05,175.02016652587685,-42.32486678049571
6087.965Ni1,59,19.43489627513075,4824.685638359458,0.2419080013423649,166.46981455922992,-2888.8092087283876,-1.0282210019801088e-05,-97.37885772514288,354.3377556275695
6087.965Ni1,60,16.890364091024612,3946.9343904864345,1.0901896873802708,159.30702548099848,-3641.971234369765,-8.16414257627612e-05,-144.5782198494149,440.1750467957821
6091.895V1,60,9.581210194216949,7794.123487037066,-1.444651429758065,-19.95642640215899,-1629.6397906319235,0.00012943838502873711,-13.447422630176007,176.94711478773078
6093.605Si1,60,32.79546898521199,-16612.006654971603,-4.565612756137257,328.13947758726346,13102.063478023121,0.0004243058438976788,109.78421924444567,-1502.09600750644
6095.331Fe1,60,2.720597254339066,51.359889948394,-0.6983435801732122,10.452113876671136,804.0953511716797,6.817607291343325e-05,48.3857039088967,-98.86439167894338
6112.761Ni1,60,17.788290699884634,6649.2969954656955,1.078803712432542,83.29129677586974,-4754.836278666209,-8.343261979953007e-05,-190.0907722559595,565.6743460520961
6123.910Ca1,60,16.989625584397526,-14037.057061506664,4.303426437444758,-69.06522942250204,1003.2682552876579,-0.0003651788910577618,14.77124359415603,-144.88331567116978
6126.716Si1,60,10.96639071503285,-12412.457122195283,3.0172135864137264,-42.82361248427848,1795.710110854549,-0.0002623513077548547,143.59910021135863,-219.34277940174186
6127.910Ti1,60,5.469944105709353,1968.534168325167,-1.1584404119732976,-40.73810550900018,715.4554656066219,0.0001047103917653389,35.170918194250454,-91.51622586632034
6129.602Fe1,60,8.076692358038791,-1580.7280125278799,0.7051177210745039,-11.56138737432507,-142.72361043660248,-6.32411439925954e-05,-33.51458636555826,12.463018894523689
6131.832Ni1,60,16.769616457089622,4578.27164616427,-0.7684594163330442,51.373165988330115,-1288.8520610293012,7.324934700858875e-05,-96.58335055595171,155.91080847028468
6133.270Si1,60,11.043223791717883,-1652.7710024689352,-1.4571711897761448,-118.30554011753196,2633.6289643917785,0.0001337828423606433,129.14409370590926,-314.2731437878344
6133.549Si1,60,3.1415121068206258,-9255.616076998578,-0.7408069370566116,2.1351964901695113,5097.393796668839,7.536201165189862e-05,121.47308635244102,-591.6695864747145
6138.313Fe1,60,16.76242705349474,-13402.382707384599,4.254397041254303,74.70154026682346,871.4583337247902,-0.0003665661459737329,95.00553107668658,-125.70943742538147
6138.693Fe1,60,8.896776419524238,-4276.207983999508,2.302352141787369,-2.485728224190693,-963.6488861644386,-0.00020381790171009284,9.852003534005904,104.99945809732925
6139.390Fe1,60,16.7731439996565,-12422.265805231458,4.4066538268720326,45.48985664430686,187.95045427170743,-0.0003805633162356986,73.44367520453673,-44.71886779740628
6144.183Si1,60,22.653979130663064,-4763.08649430381,-1.2859053034237147,51.551444277809146,3803.3604439629235,0.00012605516869767716,83.12515706945072,-442.8904075808013
6146.717Si1,60,13.57036649523205,-6297.300794329016,-0.6675394003417854,43.40837150179903,3644.8611190074334,6.88676067592643e-05,128.80425519341162,-426.55773893191076
6150.933Fe2,60,9.169498422205434,-2817.7275062534054,1.6435614968579397,-20.960257339545226,-785.1525081908751,-0.00012863583458349256,-38.440609023145974,89.82243360920856
6150.933Fe2,61,7.396285700053969,-1122.6527122531852,1.4297703151542442,-34.38476127854106,-1206.2576710734622,-0.00011056698681136514,-31.143403286935705,130.199934690697
6153.320Fe1,61,6.076782051673053,207.0400209146886,-0.23964951869041773,-2.7543107351317953,295.8638233179803,2.0787052878934873e-05,14.28712523701472,-40.78635479243033
6155.928Na1,61,12.519467713053237,-8572.990400195758,-1.2970548597641058,72.89661370937213,5820.051140035268,0.00012431707357624596,60.00866765759494,-709.0537700162446
6156.838Si1,61,20.285999890442543,896.026090074439,-2.4222740785001347,306.59662534313225,2627.163491716696,0.0002273542706446237,85.77205229339926,-300.3908164290171
6162.452Na1,61,11.312728884344487,-3273.6123477625097,-1.3064866736396832,85.0067716231023,3422.3031207327754,0.0001222112394194307,92.31947598724062,-430.44649828905506
6165.470Ca1,61,13.247135390441947,-9549.724550131936,1.424652050834277,-21.41767679358695,2388.91852469192,-0.00012970451522063055,68.8594046862565,-290.22870836348346
6167.066Fe1,61,6.725606921463755,-1810.278526503825,-0.023613719958126105,-30.640175783590625,879.0437927671867,2.2364159490812703e-06,-25.681937341407465,-104.120587614496
6168.150Ca1,61,7.203871587040544,-1663.345487739429,0.18440592516594834,10.1945694725805,478.5491333251367,-1.6424295455341806e-05,-9.101722825148451,-70.97537574389692
6175.044Fe1,61,5.720087773273117,-3254.1164163085587,1.8956718394314311,1.2595089002130442,-932.173067618093,-0.00016513408934823505,-7.3391825950036385,100.26965205408028
6177.076Ni1,61,5.826842181756185,-1980.1704671657783,0.496748780157695,57.87177916808434,116.25508595402215,-3.7104093807166844e-05,-13.310578881414337,-12.234477524241234
6178.520Ni1,61,25.002818112511026,8580.654722270228,0.12031101001286829,171.04329938351628,-4439.878562260312,9.412145835557634e-07,-183.684581525312,529.4031129738297
6189.702Fe1,61,3.438996520340338,624.5498050714147,-0.3576711454209956,8.61317727994148,150.69947490466265,3.236120473919046e-05,-1.3916865185207252,-16.37365515824773
6192.900Ni1,61,19.74199842094917,2793.304403075302,0.9454616167386338,123.17141840442326,-3042.8521642095425,-7.093351309560167e-05,-206.75122674951282,370.852367698008
6202.028Fe1,61,9.574845298680646,-3415.2032791443603,1.9510134454570522,103.86564858629025,-867.9387099857121,-0.00017373491049077347,18.179518273750535,99.53431609246823
6225.704Ni1,62,24.134460068428165,4835.26021917567,0.35775414553856366,140.654713241366,-3014.327331427038,-1.93041335831859e-05,-228.3096639516417,367.8983670616233
6228.459Fe1,62,7.961181943974305,-600.9009091914734,0.12656878533723548,-19.415958678064023,133.373108813663,-1.4562408445315229e-05,63.54434235726462,-16.641035033297396
6231.811Ni1,62,28.33617608792095,3878.2835524403563,-0.46841089403057523,110.63158099734135,-1482.700083338275,4.9642828612393906e-05,-115.34760951070797,196.33523310890683
6234.365Fe1,62,8.62832024276047,-3241.1696530973322,2.4955628854258682,18.83414357393599,-1707.8278297524832,-0.00021742547999325167,-18.676308630122545,190.5073015140842
6239.045Si1,62,20.417584588746667,2734.6754323315863,-3.999217910456903,187.73489635678797,3622.4166659011744,0.00037080719160059256,90.23606006894686,-406.4565388411558
6242.372Fe1,62,5.2806846348347944,1284.0946213705286,0.07269423250664327,-20.25461675656578,-592.9895272314817,-7.492137531260246e-06,-0.09247873402315161,63.08266357369746
6244.834V1,62,7.855373676395202,7828.234385369087,-4.33341179043376,-26.367196321387947,2194.903668265311,0.0003847741555457189,15.692229965381332,-269.20451489588737
6245.542Si1,62,13.419576380778254,-2363.844115425525,-1.3851115021931202,95.96005621902424,2750.542799770326,0.00013490781657131155,111.75412549481943,-321.7043832362441
6723.709Si1,69,30.80192377634104,-24447.53772350874,-1.4452473921482696,298.93700645509296,12597.996132948854,0.00016590140812677465,-135.29195901036485,-1483.2059707885044
6728.523Fe1,69,4.541458185742131,-196.75076450354658,0.7103855792764615,43.68645732069034,-803.7791542279992,-6.110707734845851e-05,47.85010474551707,86.9885973757157
6735.009Fe1,69,8.51412877491063,64.22450844619912,-1.0178845563734327,5.076301329155121,1386.2440501836584,8.751478175890376e-05,41.1111582337005,-166.71058196152828
6739.847Fe1,69,10.918093834754119,3739.340609764149,-2.526447278724737,-26.572186277177682,1503.8817692579264,0.00022719526420870312,10.507616435143571,-180.01036893098222
6754.571Fe1,69,8.82927197562711,1178.6433093003877,-0.9478048340075986,45.30285265846795,764.4136111633061,8.188311250960667e-05,43.984059636679504,-93.29390443485195
6769.640Ni1,70,17.4413931677805,-9255.306859517214,2.5098407360756747,-82.09674853936652,1251.8352616050413,-0.00021968609409107905,39.715685311602826,-166.75181077294266
6774.190Ni1,70,5.314578328552996,-1599.5333915502542,0.9992108534520439,34.58078456771833,-724.9690207142411,-8.336750358539228e-05,-0.3911266372070388,83.5972216558432
6788.733Fe1,70,9.838196006648657,3637.573558679491,-0.30830908518842753,-13.322325725227259,-1341.281238689329,3.131288563768748e-05,62.67759943020978,152.59626169466654
