star,4652.593Cr1_29,4652.593Cr1_30,4653.460Cr1_29,4653.460Cr1_30,4759.449Ti1_32,4759.449Ti1_33,4760.600Ti1_32,4760.600Ti1_33,4799.873Ti2_33,4799.873Ti2_34,4800.072Fe1_33,4800.072Fe1_34,5138.510Ni1_42,5143.171Fe1_42,5187.346Ti2_43,5200.158Fe1_43,6123.910Ca1_60,6138.313Fe1_60,6139.390Fe1_60,6153.320Fe1_61,6155.928Na1_61,6162.452Na1_61,6168.150Ca1_61,6175.044Fe1_61,6192.900Ni1_61,6202.028Fe1_61,6242.372Fe1_62,6244.834V1_62
HD10180,4.904488591616901,5.9938402878203805,3.549927681539128,5.067608906234135,7.633764078757672,10.394118555689055,8.048616733211363,9.416244840363202,7.819148246466013,5.7934482373712335,10.895303836145013,9.511505515488116,3.0040394477098813,3.277390344624933,3.64137660757366,5.048273717115833,2.8173133143492235,4.576472039026049,3.334649987226211,6.3359361617478935,10.240986531948108,5.840890624570451,4.271132615675244,3.769356075934686,4.58999530706602,5.204349771451998,5.459759820511001,12.757352116059359
HD102117,7.4130757989827245,3.381786909011714,6.701035811640463,7.280449652157549,8.954975106833594,5.546904746759073,6.309022214281118,11.652952737042085,8.960656577265182,10.399657705559926,7.866020847934909,9.296246516435282,8.593472847551151,5.039306115182333,3.5983038524928594,7.549151329645391,4.2946624074481985,4.731202191726256,6.975243979066237,6.773148503077386,7.3568151573003195,4.146154903895748,4.218888839431,5.536867217147357,6.34409718147919,7.463698327779406,5.2188341078426355,5.6269166181558825
HD102438,2.2772736340798923,2.6130768625171745,2.0716898060799482,2.6232987490878035,3.8815219382386155,4.571538085850318,3.7148296883111778,3.8261433629738466,5.317426846547159,4.2894568669091475,5.850267865387781,5.6029174201228225,2.3339083744799405,1.626587719273913,2.243222402296476,1.8715526360070251,1.7773440323349396,2.297444994039478,2.4827251003781035,3.748137486130905,7.739652548879277,4.393294763239089,2.3249196579407156,2.4116256078984915,2.7391926479445985,2.65919686705522,3.136089212480982,4.7677591255146625
HD104982,16.92830187227952,20.38495342991605,17.492223949760987,17.744970440111587,27.73416086358274,36.98055136880392,28.62184489016089,33.01383196366625,27.737733016623583,31.55304424444724,43.08322131124464,37.59239184110922,12.529802375221504,11.872928618371217,16.08885679107472,13.803633531657026,11.832737074754442,15.32258748071197,15.305089768022627,25.785180192520155,64.43735060033536,33.80616985726664,17.589833726815815,15.128050473387816,15.908033772844243,17.803769662422535,19.269156654096392,41.45115984478493
HD106116,5.874257690162653,5.082819799892506,4.081073931762113,10.714779001786072,10.807933172626107,12.76956075174265,5.102022904303398,7.693475074515185,8.494770467045827,9.76148265434271,9.451271639404208,10.64761503926218,4.020473061815648,6.2282117331798315,4.55557825771782,3.8701101852041586,5.831943810591925,4.615879902288092,4.386853030193295,8.996207058135825,16.556943516463825,10.951105277648704,4.335434697335788,4.893630113319409,6.131746094607568,5.487028170702299,4.1519682383403955,10.330021257708381
HD108309,3.2142215687331173,2.6957075989228647,3.7632642833743413,2.99539867414155,5.714889972564699,6.009500797990453,5.468960691042979,4.8826668147686085,4.618480343445817,5.001969406714128,4.763806151169842,7.10933886423691,2.7258475992466105,2.093936836175312,3.015440188605424,2.0530973898464104,2.4996486356696885,3.3442606969376394,2.820721608834044,3.0510271184217954,5.4656771436118525,3.949025756798096,3.3224600425835416,2.9338538819824147,3.1314051198452355,2.957249764404807,2.8801317207418586,7.602396590615344
HD110619,14.307513460412862,6.117385975227816,5.435354915759514,2.281618984848401,5.413394493869564,0.2983544133871284,7.560769213390089,17.51092052561361,15.102509575197358,13.086539727503425,13.3564214570398,14.117936742949787,5.592524914966881,8.926146220385645,9.3251183057834,5.114564775201899,8.741922788510587,14.522059339552246,8.340138722297741,29.433132052921174,16.504694601068618,1.8555606602514945,2.4959979456763044,5.167351791402612,3.555600368724171,3.6187977228839525,7.62646511326729,2.435943678515236
HD111031,4.100070002639037,4.939984116627493,5.380103162085708,3.9173274188601983,8.832759181572703,12.309099501059782,4.812339546902224,3.609356289858692,6.013452600567248,5.343013150806485,5.6760390377104954,12.130698161533566,3.369517558682881,2.479068800207937,6.171552099044806,3.0296589003229717,3.3060771425853748,6.8744450142048095,5.566580965675505,7.4888835370437965,13.86036854953962,2.8595473226102097,4.5105829441180285,5.216442132540807,4.872380493328484,5.601277777967056,2.438562464929223,2.9174850238919814
HD114853,3.2977536094228785,3.516611693976796,2.8166900405734743,3.910919756822027,5.916544568777931,7.860053056626566,5.566244045361717,6.730144584350744,7.5684461574810955,5.9358068651829035,9.928182368197646,10.495322174298293,3.5705000116619434,2.5771980364978835,2.6855316945914547,3.346097328764649,2.3387848910586557,2.72482060160479,4.3903401717159705,4.491635195770012,11.190397969871707,7.104429627445622,3.4150411622304335,3.797583881826094,2.9210649674180953,3.66939265410993,4.506129265180635,12.582092852615135
HD11505,4.082034586727309,1.9499120641537273,10.93876153960918,3.5409811178470325,17.631620976238587,0.7662438012311749,19.65058031785397,8.510580435640298,11.016023050299346,5.795894682353956,22.651809333786126,26.796559856859567,2.942852253914834,6.075351605710049,16.97946687736745,7.525716040381504,1.9076207895125974,12.039131566049472,11.957671872605564,15.42779882327237,8.71222257595843,22.593959139912407,9.801891859593178,15.130911619822891,10.63310329220693,11.012178538681027,17.209642617754437,21.912298621216724
HD115617,0.5613686391560287,0.6464430567024235,0.5806430591450586,0.6748947396971059,0.7277617321305659,1.1093531512438057,0.7361129584244968,0.95536077316005,0.9651769063230374,1.0538987839846432,0.9378866918225935,1.0743855526453274,0.5112943971797353,0.4873472313993414,0.6101664608110815,0.4998709297252717,0.4991273224887183,0.5841423914540398,0.562020783650845,0.7631632466279595,1.5073724677793732,0.8984416702791573,0.628201356920986,0.5394265387793581,0.515784350346248,0.5714192045323065,0.5756286639388071,4.742445469530545
HD117105,7.924232786434413,10.625377303564253,7.015349114072489,6.913387468025882,9.5334293362046,21.125680355586127,11.019375403654017,18.24237994608346,10.647969041765338,15.959589373749088,15.591289062829452,25.790928068668958,5.494008602059637,5.841644208239372,5.0240151283459396,4.302503350805368,4.933958233438237,6.505904374672852,7.178048793544851,12.266183575538909,34.899039125468086,17.19055846841099,9.793007140390236,5.973770448068947,6.674473418975101,6.236749521790173,12.38718438684831,20.850903737953075
HD117207,9.01283886820006,7.004206618837215,7.706208445423844,7.162182985199188,1.6141648679384613,9.170620862892562,6.295441023078973,8.031330342416755,5.798009899168814,12.30242480332997,12.399794462708224,5.087744975664218,5.604287184936653,3.2830167117251916,1.6365194796967641,7.406243656391756,5.47734426412585,6.7167323204030005,4.128458761527651,5.970893168036408,10.791699645892212,6.657278683170778,8.310568793286325,4.038435799313563,5.65195998777681,7.2749431528074044,5.9152905031511915,3.2189452132344694
HD117618,8.378927981828323,14.636304669398273,11.683950162188891,6.183912041824293,16.97919005526027,21.035418227966744,12.894010383960943,33.018732312819346,14.49296358762762,11.48214400495955,31.129008596402503,40.034104701132996,2.087116953059768,3.039515585005822,6.750447613815148,2.992326271656425,9.90312984532552,6.805757248220057,6.1287495501949705,15.276598638347002,28.741404330555568,14.50019841951215,10.137833052651906,9.965134544817206,8.170331796933477,16.742081359855707,14.423992822568376,54.83713989015176
HD12387,2.2377703612814654,4.158328207699844,4.210938472318766,16.406499917020394,4.0482838998749076,8.517353754718402,4.049019160754942,6.631351756112349,16.33137361556051,26.31602254106727,15.318931848826558,12.778435879327336,10.161859896165678,2.639440740281466,7.254488042860096,1.6241488845159104,11.004855755251233,12.23202668992085,17.085539806978787,3.700697292130696,71.93531737197681,19.132268490490212,4.807661602464757,4.009345358571435,19.396934719694308,0.632616293198834,6.65816395007655,2.232646910986939
HD124292,6.4281019264953665,7.040840007915208,1.8760952851984094,9.679284376756327,5.911068716090129,6.525359991743538,5.458491210630063,6.352308350906027,10.27677298767502,22.670868108134616,10.670695481660855,9.925751534248741,2.7900864449322587,4.081308878623596,7.488626428023615,3.3380330199950548,4.591253504310192,4.884454545866121,4.001884437557221,6.107509118955254,9.017117690117663,5.999840571514734,3.999295698642533,4.324491537921114,4.691768558222685,4.958221463824229,8.221324880937743,10.516531210604024
HD125881,5.259361147845999,13.925742254472596,7.111579240187505,8.39600246846913,14.78097227763275,20.0195232852607,24.1203750122232,15.425936804539392,10.322134133798246,12.21256384440186,29.44291020204082,30.67501743530421,9.270696343059607,7.86264727513632,12.887660925362553,5.5711120058112025,8.64705756686513,5.38629251851472,9.237413884322267,14.06560204082332,24.80412497256916,11.390014978647708,9.660006145082674,5.344448848781807,8.61356987814563,10.107904823465207,4.113140202960567,58.23380390927273
HD126525,17.095409708580263,18.28899170319746,18.232306400595007,17.336174767464783,24.942267784238364,33.740510342134485,23.20165649688624,30.297843309117244,24.234446580439634,29.465805032709838,36.46555297130469,35.35513489081916,12.666897729626696,11.641390604362096,16.121969244532526,13.582835089839229,12.193883964137573,17.800266716482817,15.91172641545934,21.801663673689486,41.055300817250526,25.205571290061346,14.474710360717802,12.949810712197865,14.484014855396966,15.075713333349395,16.544633251590177,31.525870541352162
HD128674,7.505256240327529,5.061991066088474,4.0234521033682,5.095624891282421,8.473080184171344,19.021890436659326,8.551243391297566,9.276253628591162,14.797914913164652,12.306429613955494,24.934694750998105,14.655228315965925,7.264800203749986,5.051827585505279,3.1445318381774308,5.865395382013117,2.2064123205604385,3.458804585630412,3.693552117223253,12.069689819725953,17.18391326517998,4.677227523240589,3.2896370347726065,1.6633418200303032,6.203665338208791,3.136406621644202,5.666367227193422,15.95977305371041
HD134060,2.4147459935494444,3.151150062268071,3.1329600457127778,2.559834173997812,4.095099642724747,5.123290295766534,4.379392959768051,5.460793589414581,4.6070535890757265,3.960724060382052,7.672164194287693,7.643288765129759,1.9431267312784273,1.8117829418215836,2.480809889288376,2.3111635946892233,1.9479788660402653,2.2984872836971793,2.7762478303053,4.512318725145131,6.837842683560477,3.6603271123172627,2.8678620776564503,2.18388207290837,2.5296196738030257,2.4909624661994476,3.622204266884858,7.9157067729429045
HD134987,4.019322465895256,4.326882813794438,4.41534948892549,5.615555015919073,4.918145238235787,9.505334704233169,4.5563929745303104,7.104896978179081,6.2942889699268605,7.183168634168231,7.970580675786632,9.317458205239681,3.4849009010619785,4.071217191810905,3.8964014500811195,3.158568756276023,4.3713834093795505,5.563143935768463,5.460635179432407,6.141189775265149,6.042452955972872,3.9312826426971093,5.062615517895504,3.0786964391676,2.2166583852879875,3.2404865608064464,4.467974683109326,4.173940646693649
HD136352,0.9735606712558277,1.3873806384399148,0.9395609935525474,1.1936194162419158,1.6632029779621227,2.1413727401610174,1.407812638867058,1.8811749609978978,1.5807215065920752,1.842374024128113,2.8693930818886,3.4392896899217846,0.9170050870961066,0.8367824208652858,0.9185677500834761,0.8377469777977731,0.7357043297541768,0.8843316248584474,0.8902649648252033,1.8416979536683555,3.727212050500095,2.058644042120302,1.1969958757557528,1.0591759453136105,1.2096963167931416,0.9989485220812996,1.3252980198018975,3.0326845583886564
HD136894,4.147694990344335,5.2820120422941965,5.091448252682484,8.232844566252725,3.1856803017287008,7.993837773978277,8.839043602861842,7.0626519616393635,4.4618988946372635,11.209955274775472,11.385463980555459,11.248900864900394,3.9172729511749917,4.730330435107728,5.50045129300456,6.25477053920293,4.218311203876285,5.510613287642324,4.505244671657836,12.97326973179026,22.587630098462334,6.723742914659694,5.267841506782631,4.250626474704559,8.26080354190282,3.846264342312033,6.161340509268328,6.979629153346269
HD138573,nan,nan,nan,nan,nan,nan,nan,nan,nan,nan,nan,nan,nan,nan,nan,nan,nan,nan,nan,nan,nan,nan,nan,nan,nan,nan,nan,nan
HD1388,2.566636323112097,3.592879171219755,2.9365396471864296,3.680686630314424,6.367802995029108,8.52439083393388,4.615962601103343,6.775270860278383,5.662226552899638,6.097804781671225,13.01933636406366,8.651226939296285,2.346058296243144,2.716749921715536,2.919838979432211,2.686479507228548,1.944309318321798,2.9599121417296734,2.4435779438204315,5.6779187019788795,9.298368696851698,4.6927580513404425,4.245430022292156,2.943758405630604,3.318078324355527,3.560129301458837,4.611258777999743,13.999044956384536
HD140538,3.5601323499537547,3.8524349604427175,4.323231513675341,5.178608244493653,6.172117474123246,5.503937538189665,3.206828486425627,6.3369190257701,4.339879947249888,6.728240905371675,7.46772705042483,10.581092521030985,4.599514833175934,3.982188322276585,3.7967289644631483,3.6500789531372004,4.527698427481742,4.922755285557649,4.214078722878273,5.040046625989781,9.676881209862577,7.2852227216047964,4.10073687386282,4.710949377887158,2.8782807270952073,4.423577420730205,3.8086041970999953,6.100093294875863
HD140901,3.3575193869988635,5.047022936993424,2.679457751263257,4.724612680794547,5.239046619074842,6.291386217579212,5.466135951483734,5.5104770089281905,7.480052311495428,6.988912358098823,6.088441678593314,5.376210351777966,2.7882480226506066,3.6354628573024352,4.7593381563601955,4.281284734575173,3.127189708133191,3.6615205964694,3.9349127654547793,3.590634408649376,6.741922183069809,3.2261489897904165,2.315177677175962,3.3843960717770156,3.903527998056183,4.4155731759545125,3.6646437928409283,4.275919524185847
HD141937,16.01121524375021,19.92978156596471,16.433181184064985,17.602512536701358,27.267460240536682,40.61609931102246,23.590110174581355,32.66325626585604,28.24844556890908,30.478006959264555,41.971800694206294,42.46255317867388,12.993199986130573,11.48412940670544,16.419777168194916,13.808516360147506,12.01873314668305,17.439018190399903,15.701851579337575,24.923364478323535,38.83424186842478,25.490364328371225,17.956817297837897,13.88187274679008,15.918023170435507,17.866284946499317,17.191242459191503,38.84325932251659
HD143114,15.05718026682219,14.193121590860612,8.709707262973431,4.406883745044825,19.710927195217998,8.8123616595548,7.6346356158331865,12.51115988893255,85.76015131201156,10.410992180031919,35.3435667484401,14.021525801806439,10.55594750798365,10.5451452057073,12.536813715607018,11.351224912978829,8.695341422504494,12.95512826558909,12.864538727599465,14.770458374225791,24.657828432557093,6.843283671147758,11.447818307363923,8.921875452068758,10.545025279197397,7.111670417981906,9.975782008061529,38.67394989536537
HD144585,4.031065383810473,4.889487258764619,4.909077643987222,3.5302660968380697,7.32961057131157,9.410705211775975,7.828158521570001,5.202929995872012,7.760139119960545,8.040185952159973,8.877119388269284,6.216017635490379,4.288896439671942,4.490589729355987,4.076473402857403,4.472925740066081,3.5728740408155466,5.946365453702869,2.447123319289262,5.294506575042981,9.236857416314784,5.562828533282799,4.448559678305556,4.932762377021573,6.249300477879449,4.967805633113774,5.511391510718497,8.739396090891287
HD1461,1.2971228438441789,1.491900509036813,1.4096117943594006,1.718602610435573,1.8469420813435269,2.432665059881989,1.74444599012592,2.2868703123342624,2.159989084336711,2.2476138019595266,2.5987142372184553,2.8324547866711183,1.275370959935441,1.1670144904528321,1.309104974515854,1.1663973230087525,1.4824895699743945,1.419294643051324,1.5210889117236412,2.0045353249600493,2.5426019365329995,1.907880594640942,1.5041544822679989,1.4155156993451272,1.2788752938246333,1.4290260842495148,1.2576491553869076,2.2392202572560427
HD146233,1.694026257560025,2.5393725573758807,1.8662195895177836,1.9369090370817321,3.1329689400922702,4.473519985090866,2.662839977273139,3.448313939698931,3.177809831891464,3.5594436411786448,3.601733357181734,4.845891417587245,1.5002936590269238,1.3894541067789374,1.7302290384408647,1.5477216304742076,1.3472393348208274,1.9572623588154296,1.9339820524295073,2.7537783384905428,5.595317165807799,3.444482708140315,1.971803333849902,1.4296772696976454,1.7978486318121092,1.9628308699144674,2.4564035666080315,4.828254204936446
HD147512,6.672460264931602,9.001246882378915,8.881026310976758,7.136912929081213,9.896444606394285,19.18573658714288,7.955843064641414,15.353938581658296,14.029395806510285,12.549473012230973,8.464935654087181,10.8655212315254,4.07691361825894,5.075228903885194,2.1967375727794014,3.7174736980797807,7.216164246677209,4.3427916433135385,6.916980713132828,10.835944353280185,20.518604625349823,6.703393636250116,7.022009558408042,5.654925393056072,2.6030997560059217,5.592255009530204,5.398158518044367,4.670485093664173
HD150433,4.775097375939389,5.342733430325296,4.713723943057034,5.008854111841849,8.466715578460182,9.7466377508256,6.366698403697486,7.09737884960622,6.440653294875422,6.094283812255394,11.320628344815155,8.175391508165173,4.228916008798337,2.80047327844344,3.2336731720897722,2.5955004339553454,5.054187671859708,4.016893418040319,3.982856263899242,7.2525375617511845,17.603685174172888,5.217405644819999,4.941559782618529,4.502081192167241,14.568426681310129,2.947872170760058,4.1930863903207785,12.231643165773189
HD152391,11.712331100306798,10.537364680560911,10.047251046913475,11.98455212619255,7.774151995091763,23.53466968088281,5.093099841063331,7.803176322997645,2.421350852540805,11.7824933296384,8.898539656357569,20.296472327908663,3.9567336019722203,6.811479949627257,7.116104300770677,10.10011504698958,9.657402932876265,5.7699938819480145,17.928794560729532,6.295777473362433,15.598082898576935,12.532343983351465,4.744902954544663,5.521617461507304,3.338989187015694,8.728380865407964,1.209896343784073,16.371509047738044
HD154417,16.962564715196102,18.603294760709915,13.094939670509293,12.271965714185088,32.34157083456011,38.8623665040122,29.7092380588544,36.563622971102006,15.497185620275376,20.336289255468152,51.58590474798021,164.55628226469946,8.122742710137397,9.930068350041909,11.737188730489938,10.133725100915651,7.7518978223549055,7.425966306675041,9.897277601097253,31.212139529366368,46.465616849725805,19.200929839471694,16.54513196871912,19.035024854528384,12.28267761215275,15.38588906151009,19.48987745366517,80.1169328903458
HD157338,6.05676738017899,19.356514535584846,6.65826730696455,7.949598385900249,12.655218587483304,17.76692444032399,11.080678012967253,8.578159458008365,7.715907677568332,11.024588952971648,22.94871110399877,41.34206387422154,4.53418451481156,4.662456252564738,3.8627772974921433,3.843297737976373,4.7249706543116226,5.614041730501933,5.596746011244278,10.157722319685236,21.525232396321332,15.38032635282838,8.682377773243898,9.542520087228072,7.578863769467477,6.690396024028425,11.98819373293128,30.04669477387978
HD157347,2.482917052417562,5.27145172669304,4.103931873136339,3.9700089981000057,6.210731060752736,7.17788705431745,5.9745229089907195,5.516421107499575,4.472298831023695,5.695490156626433,4.791276968094663,8.012947887012295,3.110455800174106,3.348951840265555,3.4081088687032457,3.022978329054479,3.589963007061193,2.461215272516501,2.604803221562806,4.673173292135841,6.181002530577303,5.2048568365443355,3.391113303407601,2.489342162542448,2.6874679017875183,4.753537298426497,4.563952445800715,5.115962251769408
HD1581,0.5818003448826033,0.6415467666609247,0.5366723497492116,0.5744407736243279,1.154670395759237,1.4713022649616931,1.074264059091338,1.1995113562704984,0.9384113417005122,0.976233179323001,2.196352086183461,2.2205234579856397,0.40802239839730337,0.42030951020599144,0.4738980612627864,0.45150893501647604,0.38902522003655954,0.4540709517034577,0.4740972794252678,1.0660362803275938,2.3480169633439205,1.3746018561543472,1.9644081849475554,0.5521523588860605,0.5872724912490768,0.6268765067716784,0.8930062665589863,2.929311134685114
HD161612,4.981641538185583,4.462066766791428,3.7104440062597783,3.251217332194138,2.6243371842891627,10.016073150284281,5.036318224310887,12.782859390129818,7.229123987529659,9.147170467732767,9.889077813958025,9.311650947131056,2.2755799261483256,7.128934696156206,2.9163447408061103,4.876911121420591,3.3455693900971255,3.3538147881709213,3.885289949240505,4.038212896908959,17.07568527049097,7.155891779566115,5.316837569183725,4.7612538001091975,6.496077442975091,6.6681170291550185,3.129416298064669,3.160378330394504
HD168443,4.005183089841038,3.4663834259678254,6.228418640102323,13.575095702358947,5.968094644474936,12.789537840308355,6.811675191363647,16.891837863651165,5.820927366685941,23.65276305681574,14.042602129344951,11.149639904501386,8.767594501037706,7.819425036515517,13.656403747820566,4.120086154090851,6.526597114558764,8.827390025667782,9.36006722779039,7.799408203389764,15.190100406214865,8.068870890121115,6.098848222479065,5.088694218316866,2.044725700909178,5.0418814752584025,9.368254477843994,1.183459334444923
HD168871,6.618053803111965,8.756490074039974,7.618498382710012,10.027100919685008,12.401458756320556,20.1087952132434,19.06218967659093,19.17153837930752,9.366502739944071,7.804180655217719,21.57547664961591,20.313785571278867,3.3886711852977096,5.050768565703344,3.8457559692213055,7.261403809840126,4.622337203143273,3.4283091371754755,5.848951821603704,10.17804043889407,17.34566195574028,8.070012829473937,7.154185851768525,6.534570269788057,4.114582264153511,9.539459811401805,7.607727010705349,34.66853557985402
HD171665,3.508112289490061,10.269142657637088,9.953969013974408,2.8730781945465784,13.67908342216085,17.211513808085837,6.753713724752032,18.014862996497158,5.598445138262339,16.91776176544342,14.19276007183356,16.60914894746757,16.47669885564245,6.087115903135338,12.348775940519367,5.403496260214373,4.411629549978909,6.10257310536993,8.263117356084344,3.8669466067192038,26.893220711563394,15.098469325062721,4.552015311929183,9.3422070726045,4.282317660020068,7.785254978778872,8.241345068891036,9.097433538190744
HD172051,2.802570241002784,3.9734347271362696,3.911261994655563,2.9234665096973123,4.240538437437306,8.468841941555128,4.652245450701693,7.819810719538207,5.107815134315663,6.695876615957797,5.651829258458418,9.529579585711785,3.6774905068456163,3.0110437827862393,3.9579439553636946,3.107585598315042,3.052491194729512,3.396991501352558,2.369892601219135,3.9699112479404954,10.888523434677168,7.031085621464283,5.0260344813736415,3.414882165921347,3.287577876762932,2.7687382379562973,3.7712911553881394,6.298996233577761
HD177409,17.627858202114187,25.063891087330262,18.888686547768252,20.725144211720757,31.53622292383281,47.69997635168865,31.518982896776482,35.27307947985718,28.382289766469196,37.211992176460114,50.98919473249421,52.403275131259136,16.004343663542638,16.257041940357517,17.00326805788198,16.45733464627598,14.175830074374677,18.85440393017101,17.111774695613576,30.242598142083953,62.4296327059668,38.56247455502165,20.893294119928207,15.981444090701839,19.669220531626774,18.841525206953005,24.369183014997287,72.31599650161463
HD177565,3.1152556033047745,3.4471874774374482,2.7148541794283734,4.543921619428456,2.9256129661341914,3.905697409336409,3.819224065402458,4.732420177819599,5.7784469390081625,4.335858552253899,6.530901973004644,5.639824084068791,2.4218576747069402,2.7117840836604405,2.580209155381815,3.1819788080920834,2.0754362915463505,4.332161929475576,2.8319407771205443,3.936344084125042,7.1126543417452535,3.6448099485340935,4.051766610574608,2.4508561733680945,3.876288682003492,2.8264284130053614,3.2270226193135993,5.094358096311023
HD1835,60.86951044940318,41.257639379613,39.704602617274446,35.672301784154385,57.73665773873723,66.22142900130353,60.68748862913674,74.9807056744488,70.53785427688508,78.34862563900865,135.98072773568586,202.97890218395648,24.83551788954536,32.408444068178596,45.88896836594007,28.063395535362048,19.17753654223772,23.257903593312893,31.13175408005087,55.72452344899872,93.12507277576941,47.581766754721485,34.36255373000378,31.524512580458598,34.757484722842015,40.182743927642264,60.735919546297225,82.1509802448853
HD183658,12.528831911861696,13.445038996847037,10.903364678890462,9.422179952691526,10.238172150098764,14.595437088455538,14.862435554209412,17.74133207096151,14.365947242526675,21.178198524128604,21.005481935953625,16.66879049117066,7.289123194793553,4.920084358399138,8.869822003592477,4.9610551218641445,5.775896754922351,7.278037896875264,5.773830518889577,12.93131131403844,3.2001198211751816,8.074421345999085,8.25859142701232,7.41222112173026,9.037445148509725,14.101377743048312,5.600335665550912,25.340763394543682
HD184768,13.735734715745048,18.916580832984597,16.19027435308615,16.990821025049645,20.44335105335787,28.203681947592365,18.418959466886523,24.263213145477504,23.121270088004614,25.00842214883033,25.931159264949937,32.23831215392012,12.643864488236781,11.92099201359172,13.470050822909165,12.983206026537806,10.975266315899875,15.04037569043142,13.50215759758217,21.225767477490695,35.12902462178883,22.286027480848084,15.097561937339949,12.248940207005505,13.960077086702167,14.103980361976157,15.172895740005696,28.573047314700705
HD189567,1.4924500478945995,1.7693125002831576,1.472945379156717,1.820974814017035,2.5914346138865745,3.906473882935018,2.1734314625328026,2.7715266238532963,2.41941676266288,2.851861390489291,4.051035201487545,4.794369895261547,1.2055107278806945,1.1536047202585873,1.2901108891791466,1.2361655266774285,1.0735220404174917,1.1902107201222667,1.4124927544727226,2.2958076857460283,5.6982023330693465,3.247478132875132,1.6075502148350798,1.2472557812210665,1.487597681874502,1.4363999300868162,1.7828127030857295,4.2988055830849214
HD189625,4.218314099268013,12.192906805550622,4.6780701618937135,14.506031707109575,8.235728539709099,10.052276474262927,9.429170497910082,22.527735577107272,8.607865247426238,5.579823371436221,16.997198763102613,23.799831191113615,4.885118398535153,8.237833206281282,9.345246229684143,9.576171004765751,3.8182812547277156,8.780792120406273,10.375915867823917,10.264198554143128,33.3170757224548,14.564977461428777,12.08414068012786,3.7772243528646245,7.788552644355183,12.152053771447537,3.2035864081026673,16.762548860921765
HD190248,0.2892627027735807,0.38545446043855297,0.3285408885647268,0.4564859553051906,0.35787007716409086,0.4602774155650815,0.31958297035731886,0.41725319681118145,0.41459119981853904,0.44129753485280937,0.3879039614972896,0.4173974180489379,0.28988934971709174,0.2427665914663815,0.27218020760337813,0.26529752680184066,0.23301754037107464,0.3533869351471256,0.35097870253132596,0.35137842135554126,0.4451109542100094,0.3721712447260513,0.2890127600863976,0.2513784208217229,0.2891386542774786,0.318047088333501,0.2428169085437216,0.32071864023578617
HD19467,3.448337298720068,6.226405102919691,4.6191459887375395,7.603798520007377,7.471215513228115,10.012654839850207,12.47090740031935,14.103558635363855,11.385866563591431,4.491004268334597,22.224943084297145,17.251087935514622,6.0226214416806725,4.7102213056732865,4.8790993959017905,4.7114440347672355,4.432715767462738,3.923049541610526,8.642120996615015,9.160276150109997,34.735874694720714,15.67666058068243,7.193567388252247,8.064781163157864,8.106472232950306,8.98515396924957,7.003821797016006,15.898093378377716
HD196761,3.3907669128944193,3.164568672559165,4.242978227421013,2.3970637842819427,6.277101569668738,8.742282827477533,4.873645188107695,5.6050446082184,4.636817415240087,6.944941427782465,6.574859319089103,6.979461613629506,3.015404642198906,3.2242962952499736,4.517235817358406,2.600726379647515,3.2229570318536194,4.305505824762748,3.430690532382363,5.914300491649884,6.034841919132207,6.941520138074623,4.1573657809915945,2.1932848534069462,3.223758014977442,4.257517665727138,2.955503291066306,6.184011825686097
HD197818,18.018910066759467,21.635522005897137,17.804643904576682,21.53532721267855,36.07774068795234,40.70393777263201,37.222303810808135,39.229817433281234,36.87752050816027,33.01552138575612,70.43319761431879,55.68269411582136,13.286153082110484,13.397192375590143,15.955858240594269,13.66668813624657,13.289985386889889,15.13614500520672,16.54842068244358,28.5290306237234,84.54594099759471,33.470910233803856,19.573309505903453,15.650332234403324,17.345581075173577,18.485522128678976,20.6874320959266,76.28544718325192
HD199960,4.534315356084166,6.343959846763834,6.283568981066084,4.694694241487972,8.048654601314198,9.4327534466775,5.807315299330028,5.175831235885212,4.6770813226286885,6.164551250526898,8.259146257882517,7.8683480358629625,2.981604385197558,3.3547128172322767,4.456167779150639,3.5247948623893572,3.5428057857716513,4.209489862250092,4.747184258955124,4.4146044056809925,7.52582873471462,5.46426847740669,4.8515352017667075,3.741740369505878,4.934802189825321,3.4216010312825147,5.504637844344043,8.382601104119518
HD203432,2.6672757927514605,4.006745482573441,21.715937820612222,5.131236505419854,5.511628173473318,9.426640451753629,7.4915016891073245,7.165091528744342,8.863833389997424,23.813463445530584,6.673627817347674,9.634411423282987,2.5863495838806427,6.208252222141615,2.8748174687895864,11.730808201235424,3.5651183963939426,14.318858755244465,9.47374252478062,7.5536232211452194,7.943202658068347,5.927832622536243,6.978026695468696,5.971320585089534,4.4084561633454715,7.82858664217738,6.63005704243723,19.577656500242522
HD20407,3.9939681934827123,7.109548053141176,4.78999662349407,7.750471438448112,15.101534770407056,18.44708114201985,10.082341827287545,14.221333932451827,16.470022673448604,11.33895469721815,30.32661008434446,30.15707884061292,4.890973927706982,3.264223097678496,5.279090222918183,3.441956483545716,4.130476771531837,3.727536638326981,5.071938214876731,12.326075368525489,29.720598104900862,14.019589661842772,7.101816674197187,4.7057188613515075,5.940954420084816,4.860060376622311,5.46531197892328,36.89412942697324
HD204385,9.892255364343132,15.4992191640262,7.594918883892049,7.472704037197987,13.50336890100634,21.091389625470267,12.634111151835262,24.297364135706573,30.796294764478564,20.231307042812247,29.878502043004097,29.90653148023919,6.563768939237856,8.696494987924199,13.139896839905745,2.2881398271155913,4.768720951310035,4.870514429085418,8.084133705976479,14.381470489393473,17.29608626312813,10.792137611881303,6.282400067302073,7.332165295486842,8.708476324556923,12.830932124738602,12.361235417887269,52.37222812279813
HD205536,9.342473064572737,2.588194179679298,13.560259524209634,20.168394428949448,7.692593890991098,8.466067238338532,14.028890820833244,11.373663988752119,15.4827201030954,7.44516031284035,20.545115698344404,17.139394255477143,5.541830574844426,5.7484679122174684,1.325067901848288,10.433869893160804,7.761452055480281,2.1425009829645725,1.099471471664939,4.93596747989685,40.648249374575435,8.965490367324662,3.2942720723685395,1.3285357216130187,3.699185232669937,1.4248619652117878,9.899731660469543,12.276081606041553
HD20619,5.7266635736675235,5.596183142366887,5.094621929807334,4.514864642574609,8.857615785727646,14.058185812716266,9.786640576043073,15.664934501512692,8.621863473677124,14.666670138979732,10.331154758716309,11.13453082439234,4.609559574800934,4.942877192773782,4.222646439929152,3.6478045490429016,4.96935110747775,7.150612497976002,7.127092259071053,9.846120596488266,22.288942125214092,12.907158398380306,8.355170884559325,5.205285216317701,6.416429520319598,5.626972502706402,4.644307467238514,22.89846785767283
HD2071,8.359824159685433,11.709854991246472,8.913810547865705,6.389206039864701,6.0326354228512615,15.21298407073843,7.804457418036246,23.866421781405872,11.834721494131864,12.558488714108298,13.425824474458347,14.361893322493161,8.657707075190798,0.9081149430158028,12.611635299071699,2.6913199988500773,5.360340210576266,7.240752945958543,3.436036665393242,8.985621832898923,12.486783171080743,13.686924960903355,6.460783874467346,3.1081543055790215,11.371410655453248,4.050483962682785,8.734933587961475,11.078080717635364
HD207129,2.059160464623974,2.411543321828732,1.9195426883174447,1.8768638652210194,3.766681009256934,4.20490405803799,3.412242121255207,3.9554208734000014,3.0031136983993747,3.474747498064752,6.029676489132943,5.578979901943267,1.5891579092993164,1.7616208819303765,1.9335236824712292,1.81184299460787,1.513411050957852,1.840593898133765,1.7911339001899043,3.4064863245820525,6.566571195154863,3.465403907243481,1.9857648204385312,1.9582205216405018,2.0437758242625295,2.1171644427120917,2.370078705459974,8.827970724879538
HD20766,3.1915655473737803,7.176480512201599,9.381799913335692,4.732741578020959,11.304106672165572,15.577539135971904,12.072561351463156,10.48418106244014,11.027877298391402,6.496169841781987,9.973390061437629,20.334973944987315,4.342979109839876,7.715279683198441,4.791099745944172,10.272697448688778,6.767491663614405,6.315875519393274,10.510442688721632,5.528415339140753,16.97918287541905,10.519627466794354,7.359253743876319,6.821354842648967,5.643545765908617,7.993590156138456,7.687978886320771,11.433722162965266
HD20782,5.1373005989996114,5.560999991903512,5.877799984773111,3.7171228868468758,7.8934815373451155,15.181725976200031,6.600688376059703,10.056710828574257,12.563425206914456,7.029048655259216,14.808997667625894,18.327645193969516,2.79497621126239,5.263696484203947,5.637692874292788,5.62851675258424,5.260896951354774,3.4569020096712153,5.378394189409775,13.588256773390231,12.248642511800725,12.940373191558963,5.442534707503659,6.834833970732435,6.748067181131306,6.051958808553812,9.177370884195872,15.22340429877077
HD20807,1.8453627130772905,2.287102144263675,1.8489741633194294,2.0411863932216163,3.797312430821015,4.828253640235034,3.3021873919614357,4.198969385711335,3.895749984095424,3.7355355306721125,7.055372704891816,7.160317289409979,1.618373360077638,1.6272118530419397,1.8025845090825163,1.5298287474194745,1.7139985610424122,1.836297372727421,1.592954121065317,3.990906574959461,7.779925496933754,4.76672840662661,2.475114697182629,1.6643255415557654,1.8671115145476378,2.1219163206842944,2.79178776014517,7.291524085956562
HD208704,6.688483819190696,8.702355886810711,5.722381050143968,6.883611139528519,8.68141194856219,7.419488782459354,14.327310460421788,13.80957155221721,12.758794092598556,9.292829270222931,13.550694255472585,17.200895061584593,3.48945371869193,4.604236887170728,3.480203623639417,4.775979551584014,2.7552436191632013,4.938461597668537,7.544030989444146,7.765009555306966,25.74199543839717,14.939149766373596,5.739777744278648,7.188105204066421,5.973591376086387,7.287741851202789,5.243515129629919,25.43000981088261
HD210918,4.278680635944046,3.9961564653922452,2.493296761455659,3.4464566935658594,4.7635749128421585,5.4408448266827225,3.5693967871187517,7.678853272312938,5.3068231808356385,4.188273817664995,7.321085668368894,8.654278227622221,4.606248659541613,2.129545607440036,2.4956915194184623,3.030082911424499,2.838714731579148,3.285791073045088,3.499427086346335,4.790505476356354,13.098603006583987,5.45589048130509,4.391368671912808,2.558839723207618,3.319227078140013,3.9656041778693716,4.197020273359745,8.405488075242838
HD211415,2.7006886561555405,2.9629047164450886,2.119614763232692,2.7380707061035685,4.1044834213925565,6.178264638958748,4.835046445188575,6.535203173443368,4.5896605318236885,4.060732652787853,7.460544172484781,8.47928803887935,1.6772867851279814,1.831292825785495,1.4447393676971099,1.828908161801296,1.8412938294999617,2.0945240203061064,1.9566641812893173,4.61754020182335,7.833719898103137,5.2796233665115055,3.3385072208675517,2.4277579484873963,2.6137275706445973,2.555131527793635,3.9201027059575946,9.760185820988692
HD212708,14.358185491610172,17.48224027722075,19.917825205768274,18.956291387379224,20.024110534576668,23.041408697665577,17.585505232498885,23.612157414850802,20.03502566748208,23.71320782827387,23.868646703865455,23.68160907146962,13.531982647342879,12.155239610405784,14.099889441204862,13.107862887597191,10.999169034032178,14.436079974901379,14.03666591914425,14.171334752948685,22.667004900626267,15.186791752813873,11.64585924239854,11.2028236477489,11.031923670848046,13.176017070069427,11.11473494984028,17.437638081833263
HD213575,6.77909886624441,14.149848339665706,10.950022398094399,12.40644055007027,5.229422342531603,17.499533582039778,3.819997040887473,16.344728775462787,8.379371612134394,14.287911853588986,15.276246737764364,29.03783296493426,4.187207346934222,1.631091561624642,8.738906450354987,7.10652871788263,6.799900399159577,5.759379636197183,10.704902660198886,19.658684890886487,18.20038551451264,6.8916201191588895,5.931637316517577,5.355921198902165,12.039469536751476,11.311977435180971,11.944074457118946,12.090889169346573
HD217014,2.0071796360307848,2.4421675764920554,2.4149981544026016,2.783810097755358,3.292034790484814,3.869393998988831,2.4782282522220407,3.3795478437854523,3.321658047699732,4.273750593348871,3.4731843515140914,4.978260073067377,1.49546825917637,1.6567541360089821,1.864453007790812,1.8129754417614332,1.5225630837368078,1.840733655583271,1.7840737310396235,2.322619882257857,3.4920763521069955,2.3172802949730347,1.9963486431754343,1.9308772764962752,1.9642781923510748,1.5874359103513678,1.8790919231923533,3.6049273698015307
HD220507,5.672617789031048,9.109647863770904,1.8455419394711243,5.244929348075997,3.9786041874583726,0.36089008410290907,28.187035398271107,10.320660963032214,17.410582647149266,0.6447102123281635,9.79482609732718,11.443130517652143,0.1436463803094199,1.240194013968877,6.928556182614485,4.574671400139811,4.512077641380805,5.668011283777516,3.6881605824080066,13.079421731013555,17.45724038978365,0.6975634034751477,19.356739930517996,7.534627149232102,22.975311476992335,9.668293010679092,0.9776030568359168,6.196840603477348
HD222582,17.67603908751163,20.150043564960864,18.88419887592925,19.0247062283578,24.810225509324024,41.31506453224118,31.194112494575965,33.35951565402635,29.89649812919378,32.68951741736868,38.049962819149016,38.32748629168367,14.046408204282,13.336277125761958,16.05054624722553,15.32546790730125,19.901202899119777,17.227863876003045,17.73401252266714,26.14453237635143,50.05594679879389,28.964195216010992,18.690323039051492,16.482187367670903,18.086860405296903,22.351508990930753,20.661004010148293,58.16426706881
HD222669,nan,nan,nan,nan,nan,nan,nan,nan,nan,nan,nan,nan,nan,nan,nan,nan,nan,nan,nan,nan,nan,nan,nan,nan,nan,nan,nan,nan
HD28821,16.31615587560917,20.244235210655027,17.162678578736994,17.647658588988843,23.386938128380205,32.41173610366066,24.29950330581271,29.2424215470896,29.347540115074363,27.50420753776102,33.435058352369474,32.91259967215751,12.248084651764906,11.483810311515132,12.756308534789449,14.158960308323495,11.285471282361538,13.920919933419524,13.356542874820963,18.971843613256237,50.84386474473012,28.193197746323076,13.440322136357176,11.533817234929943,13.910511532753926,14.876633333908092,15.586037571962144,29.642591063155393
HD30495,11.944419242258736,8.389990401743866,20.193555354508295,4.893849936609507,27.2744895340743,0.21084426780629828,20.368022233722655,22.60217732091752,32.99282660653319,2.185484127660287,43.89939100771013,21.686229426452318,2.475553153225232,7.877035600072702,0.8483810777799436,3.0643811048536747,6.445383472653974,11.502549361914888,7.196242234476197,7.3971443334148255,1.9850061241804415,8.931980311384573,2.7832228899197338,6.245079965566986,6.865610269218995,9.299887189217317,17.787720595311693,106.61784958317367
HD31527,4.830394017225636,6.861466808754446,5.916002956715581,4.270250043796074,8.577221205094402,19.004455571349762,11.303928941862516,11.238539982442154,8.290670586914928,10.202092822467058,22.552658665212203,16.380370660552845,3.8230191853979365,4.420858363864235,5.247359979448649,5.635869398463138,4.947983725925254,4.675785044040564,5.238510980985908,12.375498401374376,29.250746402810744,10.3023779608461,7.4149919850823425,6.804986342034734,6.630343630740573,4.618238136022026,8.232954290757798,24.646511546042777
HD32724,2.9194809987370514,5.953175954847665,9.974344892175191,12.52786368666778,13.748374142193802,11.432779291296194,9.997250682599592,14.138689205512275,17.602551389496494,20.439094765650374,23.000084205622752,38.724214943456964,2.1314319164095874,2.0745440302554288,1.7609288126319698,4.17112294091602,0.608696319769333,5.224138583115891,6.589867500446856,10.430875875620172,37.63509080307243,13.198118199453342,12.31867461697113,4.796185091681609,3.828722929260508,12.45323884541943,2.0594142524343235,14.8103931702529
HD361,5.0650449276480085,5.757591617437207,8.184521006601145,3.0972450884514373,14.791930419441615,19.914134067603765,7.669204643737308,16.268455585020448,17.26225373162259,26.729003932649853,25.485499348835184,26.883382473404676,6.969148401381528,5.457947229507356,10.980828366229634,8.674055501901801,3.842042413040536,6.321944007603409,6.168635925268917,5.626791108675933,27.642636168693546,12.29188240880897,6.392068150731512,8.073837929645274,10.833612169501437,12.07442420510047,7.543488147070937,37.374148994446706
HD37962,17.555133654802297,21.117992121055327,18.200012546243123,18.221836678317345,33.470077121375894,46.245701411899255,27.855151961115723,32.61127094785917,32.32725951281806,33.536286837756585,50.305178341111855,48.96781922798575,13.163206161992889,13.196232634708057,18.926160036542413,16.274701416744563,14.490077634756524,18.498359487921107,21.997796702933325,30.222716547109993,78.35131355258493,39.640274040521376,20.411696888696667,16.71782426426236,17.901683573370928,18.53489198846889,21.983152686181963,68.20206168624689
HD38277,9.464235519580761,9.79369466095025,8.108185733766557,8.956286125412232,21.984906441360238,10.484048990077094,7.682163999914804,15.75905006855292,12.411876065198497,9.394552595787605,36.64155706560585,15.764173146979052,7.174766436247087,5.628229461682938,9.783760752881818,6.175402746174797,7.554619138181788,4.99577270757481,2.5543242716621912,17.620663636944293,16.88118644639161,8.966054678996773,6.051691472276946,6.232386486081923,7.489286295721807,7.53524955887595,7.704403773854458,31.136357225438818
HD38858,1.9527983960893776,1.9870168443728338,1.7905401465646924,2.1545661489785393,2.764081355760195,3.5136100829907084,3.013217837695665,3.7250858429245697,2.9252446588898553,3.4767246085363857,4.828343140246897,4.617576501853402,1.2852377591340378,1.2631359731028504,1.7869507303328056,1.780611997985465,1.488408467392536,1.6365824262353108,1.8066658050847009,2.6342527165347205,6.239730493987449,3.3526697287404295,2.2727554605674305,1.5619195063886897,1.606681333717583,1.5387296331084588,1.7770798583339122,5.790115993118862
HD38973,4.642419022996976,8.350897298312466,4.862617151474171,6.288912666394715,10.626915154592478,14.426540535854981,9.961196170308781,9.999709590786885,9.787235092383288,7.295532741543268,29.576470761118063,20.904592148678326,5.860835019572865,5.232103490916013,5.725439853216445,6.118421653502408,7.239520987045361,5.399104965030984,4.161467908710173,10.538420722646297,17.160449021159522,12.18968010364075,6.4563095653029565,6.423930307963926,7.908030097453937,5.848282719083562,7.272904729708135,24.23169603255258
HD39091,4.885681625332052,4.723825289329359,3.115558228042364,3.6393303086577604,5.773421306149669,9.325311007173811,7.225006414767257,8.769189356507907,6.065086782032836,7.123750575314887,12.513124489438253,10.242667961439977,2.845943062649928,2.8364543850034156,3.5669644350725065,3.623848770573604,3.0956201432655273,3.1492753503191317,3.3764243741771036,5.210533518368362,8.418622157379932,6.828236987825648,3.7464151547847155,3.6174190292231416,3.9902529960970194,4.607312621350019,3.9851571431253436,12.71938396044949
HD43587,15.698505525133235,20.505161443492188,15.024407092020907,18.999727076452288,28.931584128427065,46.57921726510848,28.36414212157967,34.58152077604753,25.282037454490084,30.593656978651023,50.672327431717676,47.005036405114,12.495529450320157,11.247530944437491,12.934236208328127,12.030674503503556,10.472519998646796,13.956342994275921,13.031631182362206,24.20319773346552,48.42209526612564,22.987910740741437,15.848199787733842,13.409656721620786,13.340752621709031,18.11573002737197,17.893099639789018,58.4254440122625
HD43834,1.5323592024380726,1.814596594145046,1.7859900040906882,1.882857372341323,2.1161256692736536,3.1014844152079877,2.2829633032585748,2.8182480099232934,2.640812527130166,3.0390018437738293,2.6098703912396553,2.6492390338804412,1.4836444213110227,1.370350977696894,1.3831427779248227,1.5480613595581665,1.584430597109059,1.442526948828984,1.4052183663953712,2.0978723790691736,3.549890921005232,1.8144059916932416,1.989416485238469,1.3722799606988278,1.4418307793686183,1.4321803985897488,1.45003486987584,2.280486489576258
HD4391,4.809248906829906,15.814451788169194,18.492926244878692,6.507670742429216,28.706154591969643,16.078164637270298,8.55726023617775,18.316955649869385,39.966804369640144,11.420975726897947,29.403413432231886,37.74298855204698,5.076329711876327,6.939027696390419,3.6004240569582007,15.51235063196292,2.8841293761038895,4.343164191753801,9.117701900769484,20.342824222694578,31.176597805478536,9.925539931323483,5.621564367335258,9.554876164190459,7.166904723366301,7.328020162252686,6.324833449851828,21.007341649719063
HD44420,3.5083486950323888,15.120869208047793,2.0125288432375705,7.154842937889869,5.07928088067167,5.4522139531365506,2.2036719990755635,10.333742051083131,7.263726482947274,29.061034959089174,13.505205744330643,11.949081636548467,4.7482159141873925,6.556711305092857,1.7588167164445234,5.04616021186132,1.405073562262285,0.37618065279566953,9.183800487640614,14.763094407770627,2.7908227228715186,6.356731507949822,1.82612352820141,7.01368998840633,4.9774990929164815,14.089617140033141,2.3479053384471116,18.67902763841126
HD44447,4.781426993524777,7.980482287814196,5.007599048692365,9.573142988447016,8.674181885232873,13.976489852682374,11.03194336214241,12.3040238622834,6.80533367422355,10.056955398868787,29.072070853096633,21.53897417734348,4.26490830136769,4.11880974470103,4.912784162278083,1.8085550263881425,3.279552984328522,2.7156351143591606,5.837824997441504,15.128337409283226,23.53284869894632,14.798503011160983,4.815108955447575,7.695148720959019,6.645457562394284,4.405699053096867,7.355729898645202,27.106727770082358
HD44594,7.0742809976980485,6.1468707929830835,6.79980296750671,6.358027296131987,6.834220656044823,8.762119011631341,6.11971997876739,15.551272114756197,10.297958665277346,8.86714189233568,10.219725504369537,13.317429814086767,4.530261171226173,5.143127791040312,5.815603568680614,2.722796502045702,3.3339924865019523,5.606128758272459,4.356875034493216,6.7723821126998125,13.82672079880702,6.26756794654425,5.941436814096445,4.468235663729584,5.033382695159351,5.7510975689575865,4.632298670418236,9.486512623124055
HD45184,2.3758259207291204,2.0557386023571946,1.8028840603422542,2.16314548303939,3.392658018784894,3.9895042949454687,2.8833046230379114,3.6356962259963255,3.4386048523310757,3.575957557597717,4.406474489973279,4.1721653159230145,1.589139528809128,1.443770422056358,1.4342778684186959,1.544052673296957,1.437327932036942,1.721724856879376,1.5906165456308734,2.586732552878508,5.877749611262807,2.77568100503945,2.143496995161942,1.5856546874876085,1.8532804337054054,2.0184515307061073,1.947209613925201,4.7086900840406685
HD45289,4.775649277100094,3.573285355402354,4.738491680271488,5.625996149698238,8.019712571527943,6.591017477822551,8.175821489706596,9.421583591267627,9.320081009221248,9.194756278048374,7.999745121612369,11.134307661350158,4.6779317416369155,2.6297399800839507,4.400843652431559,6.296468966342194,2.9631584851706427,2.574111766702663,3.571041057255864,7.341097754194334,18.39406344696525,9.2849048509968,4.589222823598956,4.047735885634742,5.376719394071502,5.5180495946351895,3.3754038735456917,12.151585794833839
HD47186,5.630691133296644,14.075455915486303,7.1752541221726345,4.436800015292534,4.995421231680811,8.761351883359145,6.715396827452559,9.676440419826665,12.44483326926085,8.575544149979699,9.956554663262848,7.539877174376375,4.642519846380935,4.971462975986885,35.995326758479635,7.158433600791534,5.2979996151379884,4.96081083766697,6.255630930036142,10.391301007673565,6.620106300154592,8.81917533632454,3.465749388333827,4.5716642346884795,3.9335590939091096,5.719182761748546,2.4250214045825818,8.363165629924273
HD4915,3.0128580071351423,4.247817420342203,5.233259062266651,4.144789137711993,4.910751284997231,8.334350861981171,4.765043962077014,7.304428675531702,6.422957917838944,7.043271700996579,13.02527054125188,11.227253381739095,3.258595176646601,4.057013626866893,3.572020541787981,3.876626168833642,3.574421297083478,4.9973273362072685,2.430615676988418,5.699736919004673,9.232536723474988,7.468900483273699,3.34757927351427,3.182900795726231,3.2519243739262973,5.531250822147825,3.916342748957465,8.80295280564763
HD55693,9.5391466739648,8.09988894210293,10.045108959472566,7.76917150742541,13.279077635893987,8.060913288228432,11.546216936300608,9.606102703321948,11.381977172020475,10.287557139426337,16.286613181770985,11.450033162211334,4.003107925960037,6.496113649621871,7.985957744755848,4.395633714998873,5.825147142373135,7.114144101170472,4.279914486154913,8.668493015765344,14.597264293278586,9.258048527860103,5.583347076214716,4.230797617691638,4.066348267866652,7.61149450102127,7.493815142693511,13.032374378777796
HD59468,1.306309882945197,1.7061593511618116,1.3284530300804878,1.636230737484353,1.7214537266432075,2.4566384535675376,1.74010558763474,2.1822787242929045,2.2121688241795683,2.4043789876192925,2.5773012878709483,2.540119673782956,1.2698226811531528,1.0722007784445458,1.3258563410520805,1.1740979814649504,1.1506458221833906,1.2589031310636039,1.4916152249294514,1.6510169497360376,3.0557675851341832,2.0214379549071113,1.4056673071785886,1.07685808198427,1.2084141537349358,1.2221975143132153,1.193859930490619,2.130819806541184
HD65907,1.370547221248071,1.4701408845559845,1.228284826978819,1.2385528871191993,2.1446032798659287,2.9219661092094076,1.935226939647005,2.2808303312366878,1.909946936160026,2.0151681139407156,6.384607931351933,6.338346136277146,0.8814142994227773,0.9311650895910497,1.0156246830481168,0.985479768404218,0.8058781904356915,0.92701226812263,0.9453918041718513,2.6880417574797137,4.671151010405925,2.344669486971235,1.3558064247411015,1.1130980611986363,1.2818224603263293,1.5421290045349303,2.1433945076465917,5.72809017122148
HD6735,9.14686646956296,13.89756907241788,13.728299437389003,12.766062861749523,26.296249648037083,24.018484981110774,22.572236542805562,20.433730073150848,15.519463559597975,18.05510620773046,23.990729858034207,63.70999086311185,6.992758165098721,6.419711770777334,6.052192727477438,7.038742536515836,8.540428076815664,8.738079791227564,6.033234629912562,22.376536107092537,46.253678311065016,18.630638647343766,10.762892721147333,8.255870658291515,7.621279572839052,24.485452837128967,14.348428550283415,51.49677899149413
HD67458,4.447035758333302,30.08967614194614,4.9694750629189555,5.6637438013783505,9.824671886520592,15.373153040429743,12.948647125465055,9.304832415428686,9.565793502730752,6.976197881247182,19.512627849016805,16.544196403469744,4.90660842152039,4.70971540901279,4.848408797626124,4.4111333934117445,4.4618916023066895,4.967987336673942,4.767999180601099,9.946939813478249,20.756060003965203,16.09443978749602,6.642523088373635,4.185584916399383,8.051171371379024,6.030382559305676,7.6272429240486685,18.4743138046242
HD68168,16.938124144931983,15.061741573546119,3.6943567942312456,13.188199865425073,8.412042989374102,14.710028190279084,16.296708380432612,36.287005867733484,20.921136935983093,4.336912059342093,18.453476454154554,15.0072834100155,10.059531726485796,1.7416357111859029,6.203465252493409,2.0916526741064976,1.7623837386225902,8.415571966738122,7.495883133696236,17.773709917530976,20.88310739764998,12.178612118033225,1.457031042646749,17.00823049742692,9.063004122606989,5.617292260397992,10.484607735305143,18.881657510420936
HD68978,4.388529590477623,4.63515017548835,3.73504146556023,3.9271256394921226,5.09574903382047,8.543882808567261,7.014190575034922,5.944611163724252,6.873464042513215,5.556256343791417,9.54509764002795,10.244649546066924,1.896581343223819,2.5377579407742683,2.8902123916166262,2.934423371470988,2.3505972610776453,2.561750032882233,2.756418426091154,5.680769316406374,10.994324148720944,6.077366910067193,3.674642999668265,3.0781238227545,3.5411971264944584,3.3933663689143008,4.409071477363765,12.770044369850542
HD69655,5.106013624869389,9.252149451880415,6.2299459157883215,4.371123605733631,11.519046248540167,20.140333807939996,11.650016946220871,13.75238117623942,8.149234871870533,7.29668934203817,14.945082026804457,20.528674372853498,3.574096308866196,3.648638997688189,5.771096565682959,3.989160810134912,3.3538625990118427,4.19819583353986,5.698537062263672,12.606886654409035,14.868090438988188,13.576545281100724,5.76704992904926,4.624794861048938,6.3473072169000435,5.307815014800517,6.836413881949193,29.387832861615987
HD69830,0.7037419681587674,0.8746652602049638,0.8433857646972686,0.946083478557369,0.9081687637108428,1.59681512208806,0.8579237664407456,1.187593273210268,1.1935231657638727,1.3641705438112526,1.1660000371835817,1.228021593212911,0.7354050526304567,0.6956585948579184,0.8933585609612158,0.8188285084337589,0.6674043930996303,0.907433260551697,0.884288790473914,0.8373422579988377,1.623904860510054,1.1535012972870784,0.7311782277443128,0.5771830730573156,0.6951169843531654,0.6889371317431324,0.6423101022027425,0.8913885849924944
HD70642,16.224341345345746,17.378695035156532,18.79527531143364,18.01996305097019,19.499800762688224,27.594329082402584,20.77847547263043,23.665678718637665,22.244271533181827,23.84771494466946,25.159968057278668,28.03723694913769,12.188324213645492,13.911998854934245,14.238143262072636,13.55018762211034,12.531700197009755,16.127253709112566,15.80439823009775,17.897435632907428,24.83347153174096,18.158815053859907,14.792789297582628,11.924476028073279,12.123499959805269,14.224929807582873,13.113903771193916,27.057707756704197
HD70889,5.4089744206175725,9.213878579548403,6.139281092969236,7.607827993456841,22.571289727143782,11.123495972905097,17.825944934920134,12.397670990059783,7.9551514380607875,11.778308775115256,21.44924326261165,28.043169129536828,13.838660512539528,4.8974297510999945,7.774123482038485,4.384583564661144,6.687498559248096,4.748005430612613,4.804856234270441,17.710333345500608,17.120851488475555,15.237112956825701,5.355845294073311,6.048362847953045,8.162046555887846,5.008272787608255,12.60311849011062,24.021404550382396
HD7134,19.02241191727562,24.530441585293442,19.24778585400496,21.992807627436953,52.69914545240684,66.63903966137849,42.946658117697844,59.07177434246571,37.15290474163914,37.1545229290712,79.74176377855338,93.0559910148255,14.808593434840063,15.966997006769205,15.116476531542189,15.441630805303149,12.542888852835516,19.92544315691264,16.297647221941777,42.542735122180936,108.73338927508551,60.933535377590275,26.471828667292254,19.885422405829882,19.66898642592737,24.000904220793263,33.75554996995965,102.88482188034436
HD72769,4.7891648280621535,6.405504146155786,9.567515735586198,3.6804922933590016,6.747710355286055,10.61430126704665,6.676444648739855,7.496021793178558,10.722002486665597,7.546965793662308,9.2868020884576,5.884148367234479,5.004791332985877,4.40436781164336,3.2813056242209186,6.229284565858582,3.464497393040691,4.717764934403597,5.878511349144325,5.819067148064349,10.00836978440629,9.719133552505829,3.6880974792549694,3.3221257961399577,4.421907508961275,2.8728733146424585,3.348642113733541,6.645848472380415
HD73256,8.184652294770087,9.266519918525278,6.455159975119124,13.579343037867831,6.896381706205092,8.097068477112153,8.793830808602834,13.437992042073837,7.806553494620852,13.497182822383804,13.015479677360881,5.1703847293616025,4.980670779104345,4.203123975558326,6.659944986650289,7.735360104745909,9.969130170410622,4.300657321594043,5.931232286367017,8.570592802087937,8.222569598713179,9.202522768724245,5.485682896475335,4.073226032534546,6.016161336729006,5.521911258056063,5.081602933072771,8.402528296915763
HD73524,2.9052252040289033,3.0334733225733825,3.0883175803622422,2.5362601970336223,4.99197512620292,5.693706522453404,4.338688360121002,4.852712749934031,4.177872297371766,4.598810263299563,8.46051654493205,7.146480509525549,1.6334610971561712,2.0699328969668875,2.2246987488619046,2.1886671763498566,1.835612066370024,2.74694111400184,3.063893261205412,4.288966916497758,7.387228409757423,4.606599844227286,3.5419544634690365,2.5746077321585017,2.8944173062765444,3.948916869508743,3.0834618280484394,8.64997461361168
HD7449,8.832452571413945,15.625786197271898,4.077399694455052,8.808811459592178,29.933248027988764,44.66428975522563,28.542235349174646,29.12100722900909,22.73772925993007,5.367657319876345,54.73445287988836,55.54781100578838,9.017282808027044,7.754375539801797,10.334070908330371,12.193887068744337,10.649022021185186,5.682903634071492,12.148727161930687,27.574744390592883,38.78139194147232,32.54268375115048,8.845179252898937,9.191260186252503,18.759782542177913,11.164972664424141,17.111235630903085,64.15456266719053
HD76151,5.145770233765964,6.5784747506869845,3.5953990525994253,4.969588249429235,6.738752268490601,11.498230227922967,9.768031809102608,8.613559822885584,4.413942850142473,7.34107619079606,7.238555482011665,13.848470234952396,2.030962966722771,1.756572949662784,4.1870376385562125,3.8341814179604743,6.2554962972379835,8.575296235579238,5.521972945122797,8.528123539907044,10.450431643408443,4.741586188081293,4.939485760506898,5.2863805984976615,4.031052078931289,3.9511953725312225,4.5186430340142225,8.822967986054032
HD78429,5.81658437656074,4.467534280587773,4.273739362496942,5.765744084660523,6.760673989097342,6.65934609361274,5.277743951059453,6.503114743598682,6.544480234870683,7.8187821613272055,9.385702018215662,8.747352786262619,4.851689331753092,3.0290443814728447,3.9522805435070345,3.813845266080121,3.2319645725201274,3.9230155783269556,3.7272224579963806,4.740220287902193,13.711954849069409,4.789691608180202,4.815975379022562,3.618189718518814,4.9829939553784,4.667624066671013,4.641132540057627,8.115801726017237
HD78558,5.402235035754206,4.245462422729085,7.6897869927936195,6.596063945928203,11.657371703488296,13.04823737975615,9.745020381045476,9.642725967062608,13.980577015437387,5.613773235757776,24.835464943504498,20.354403647321494,5.017224041904399,5.455608322583704,5.946093597795677,5.400955257976222,4.375062604262774,4.786851091814997,4.612371505778905,17.46556343912326,13.042768332107226,10.296762431783538,3.703164587560305,7.141436220605562,4.979951232833857,7.621846551135147,8.791221523770544,32.09821580137357
HD78660,14.794889997017627,18.134166481766737,15.505652771336626,18.083413639057497,25.70941014932297,32.75640973856689,20.893897982522322,26.569255454642132,24.70605546997159,27.483508387835787,29.107348669434604,37.77936948486358,10.887888193215481,10.944985727456002,14.090335004060526,12.834913974380807,11.394240597866062,14.770700336560719,21.802094419615383,19.725542592943693,40.70696037637631,25.72651665323064,13.82667960792374,11.883812264567934,14.244215193103667,13.412423033679126,13.541193859112074,32.842867711397496
HD82943,2.6144021170327854,4.142906664246738,2.636714514572179,3.132974843192151,3.7460912161585975,5.472494999563303,3.8718934569431704,5.186384251562541,3.775684468161599,3.8567891774999192,5.501056863278859,5.672322691642664,1.9247662393870824,2.00100184444075,2.167991852259442,2.6466554681448393,1.905563353655482,2.0905897336475485,2.624698958192129,3.12505042490828,5.651768206732848,3.000024055150919,2.8139382676211118,1.9497160612543298,2.1011092840068692,2.7884091931155113,2.876879523832329,6.358366407948566
HD83529,5.870897640938397,5.7043269019925,4.953789951770677,7.592542931340893,13.156906786933886,15.439165852412053,6.8393276800967095,10.079516579594198,5.717820319151322,6.765451416767534,15.04716111916266,23.92304414613084,4.1093107283915105,5.086041619498349,5.075423555401725,5.638251937183038,2.957345323547071,5.113121853439493,4.6592060012858045,7.834802326013423,26.105498099659417,8.852892950625275,7.337445530614794,5.261715347302596,5.61058948211265,5.753124299429688,6.1219783730986785,31.465003941866993
HD88742,4.262437255278796,4.559477074364678,5.067905045970237,3.4721107713020403,6.803482896355324,13.271456802646995,7.433051641487611,8.12717060843497,7.058864745914845,7.792072632726226,14.56257168066804,20.17878783154015,3.5205994955413917,4.154636420851648,3.024615293442768,4.777827428938622,4.961081732925861,4.483397409072577,4.466001482614844,6.823152257399578,18.96494362502389,7.325825116597598,4.300209363546338,2.891639158545514,4.37623296096039,4.747235062296008,6.914748047731893,18.121076310570487
HD90156,2.4774341498452577,2.692881983258986,2.2908174088578783,3.486332425859131,3.3845892878028407,4.473424019113916,3.4395832372180624,4.264524763887631,3.6032405673102863,4.014619383951399,4.842203221704723,5.794837339985481,1.7980403826991518,1.995748673984515,2.002494717702709,2.3775621728530107,1.965411616970711,2.6402260046467116,2.514194811329087,3.3562083248090913,8.423963523567567,5.20144965572319,2.594253834175908,2.5170678262654875,2.0494987362701385,2.498424374902767,2.87394495030097,6.7131637861283044
HD92719,4.4117386982749744,3.5338348506034873,4.521367125096346,5.228182820435699,5.8809729622086335,9.419028158432516,6.038957091171518,7.038936401706604,6.480104455165721,6.22393865958128,15.10754529068506,13.200048601798656,3.33895525264164,3.0663882629636126,3.8856804075182474,3.036301358040317,3.8390453110829497,4.053274877492802,3.9114074392476255,7.949800216061236,12.339175932300204,9.285851046938637,4.57810335165992,4.659601735050983,4.629222488782439,4.805147783099472,5.870437077609566,12.895331005858765
HD92788,10.923579359364242,7.91221774458193,12.703000684092418,6.789007303069,9.325659289110659,12.895618764876962,5.896614960002851,8.61339614551504,7.036240650181244,12.209980450308722,7.0165377092983,20.646753765372132,4.514069813010332,3.2487919552677025,5.830556037606529,5.297281375998762,7.219399456037382,5.614687928754173,11.480131418592123,5.478058445877841,21.017831548868983,13.519626024521289,7.983686067860038,3.3898406325407815,6.545624486550044,7.296199996430186,3.7797627022896996,8.771373413464492
HD95521,12.164495273482558,19.970511618416246,7.880769874934676,1.1050211435736672,1.8670246858590123,6.629956905943309,5.4525960597762815,26.443855538476605,24.689205702536412,12.635994730465404,22.249862424300105,34.599899831134074,0.1182290329795268,7.4829385417346375,6.326502556815401,15.44426493331699,3.2364958925249607,5.395641558513775,23.71411606683791,30.467607935256243,29.565105070910853,0.7893869995259567,6.440802498424949,0.7013342252908953,9.132255713143502,15.677637722758377,8.015141490485892,2.9583168603766663
HD96423,6.680157298546642,5.423234546074214,5.883880665990505,6.243379235506099,3.953424987899353,8.048668506969543,5.672710055645701,7.82223833963797,9.08817346598141,7.002128860680031,8.182528569117254,7.991017218031093,4.281470108321898,3.9000093771953344,5.481903361299922,4.796763571276013,3.7077664969912836,4.980352412861382,5.453622260932305,5.925940612452954,10.366048706464428,7.8141710621495735,4.760823143535542,3.9246794995232586,4.251503528872734,4.1427787299467145,3.4181880634054655,9.764932234953738
HD96700,1.5300061635822604,2.0641619514135994,1.6331628996988936,1.6017411946353763,3.205584905972482,5.158297493001053,2.9109495426221685,3.13579144638835,2.836009126098446,2.8213257718180462,4.627460702730959,5.219208675355402,1.3916816698693546,1.3015979322957683,1.33494410323266,1.4669695512621268,1.2782404420925095,1.5007797125306224,1.4989976630532964,2.7612225696141923,6.376682867324641,3.3643966224761086,2.095471289466495,1.5580359272457642,1.703189238076659,1.806950949323404,2.4032001032426655,5.727348050239324
HD96937,12.379937223190604,12.70292116451035,14.320105542379421,14.935774200351467,12.736142708950158,19.891545419291,13.656013862187375,17.432176878978588,20.185668434114138,21.446177352473622,16.563664761708253,16.344571493225413,10.94879050795185,9.298948667022506,14.016349862209438,12.001583952226124,13.912690995128678,16.557796260419522,14.376001413854388,13.886362886690941,23.32388985793051,15.038735873622148,11.058552775665412,9.516075475893501,10.137397986206732,11.622086373456328,10.603544668885988,13.485208694362543
HD97037,5.864284793934494,7.072379078462816,5.25496861875786,6.7950262586702355,6.887757404248779,15.181856515278435,8.190643835527839,8.983924839116836,6.296121039492993,12.390637052668161,14.468648878819799,21.90772697960359,5.0659826167463,3.2747815550171637,5.764480596745064,3.1290098977608447,3.4312005768187968,5.063947123934784,5.336275837788829,4.827537975975645,20.524519840815135,9.478153090228437,5.931780677650734,4.2378719598241625,6.801530548558934,3.5406796095549202,6.0003541843158,24.51807893679964
HD97343,3.402826086392072,3.0338180916966775,4.104673701931197,5.205025287077939,4.888972097693395,5.664530300240899,3.824424965309995,5.098564155588848,5.114383322549376,8.483508125569164,5.826496192212462,4.985207222266537,2.6413753063244325,7.619421808084361,4.324472661394026,3.0687919849677594,1.9855621530535108,3.311698265886074,2.7798399470952595,3.5280561918340934,7.097844526787092,3.705105137713513,3.3901197515490056,2.0316260414639706,2.991869070363361,2.908550746256732,2.561599342699559,4.878327444093904
HD9782,4.172253399430463,7.396705106405169,6.002087155905397,5.67318441970429,13.095196553532803,20.681904584086492,22.01246428787156,14.301667548168309,10.113738746653041,22.86073021513093,18.183248858008614,11.350276999578874,7.458547462622241,4.949558990912692,2.0695219521387918,8.546882290390712,8.682639483354437,3.2164145870965686,6.164447954400733,6.392830687801339,27.48553862683444,7.884050221856694,6.698990438209988,7.231538127601867,8.314060979654872,9.717047937145576,4.7041730869069704,13.214040307262781
HD98281,3.3866189459329887,2.2775323041829334,2.860651713964769,3.4199262730041493,2.588098193313824,5.106737303074863,3.8665067366310364,5.065998572375072,5.544729710672253,5.899676767640724,6.580170010363858,6.870638775002182,3.064740894571998,3.5845929616425125,3.3233286596186318,3.1645486085434213,2.2043641976518975,2.8225098626146314,2.493570100494705,3.422597811769576,6.876444108888238,5.68963307972858,2.9073170403657644,2.6100735684618854,1.8151695169327098,2.5539436318611664,3.0052618871403594,3.391505880477362
Vesta,6.4797629547366515,4.553642525568481,6.106556546523273,6.658958162515452,6.5439708143821935,8.442440871209644,8.699977648670092,8.203973069584547,8.588646920407657,9.489941088547313,8.55229516327586,14.775502873900647,2.999682269349379,3.3423255157663374,5.3424576501932854,3.3024739533175884,4.4436532886882665,4.567344764324417,4.207576158309673,7.833855094205068,10.797558994682891,7.754912675494881,4.567253195575303,3.4048869865051463,3.558180124890194,5.860153881637354,5.256830428921982,7.8749314103972115
